round_id,client_id,raw_krum_score,ground_truth_client_label,classification,client_n_samples,client_class_entropy,active_epsilon_config,alpha_dirichlet_config
1,1,0.00023345988822653832,byzantine,TP,57710,1.4416745418990102,5.0,0.3
1,2,0.0004967113425094841,byzantine,TP,44271,0.8448817879579029,5.0,0.3
1,3,0.0007974805569596571,byzantine,TP,13547,1.2040873057914847,5.0,0.3
1,4,5.288944842366138e-06,honest,TN,39460,1.3537419946367246,5.0,0.3
1,5,7.489784828164752e-06,honest,TN,25470,0.8636044859538863,5.0,0.3
1,6,6.368791115543105e-06,honest,TN,14579,1.5448182061827374,5.0,0.3
1,7,6.504757861476872e-06,honest,TN,14700,1.5031061614258054,5.0,0.3
1,8,6.520462471071341e-06,honest,TN,14364,1.2470516287115136,5.0,0.3
1,9,6.350705282697851e-06,honest,TN,34663,0.9728052721822986,5.0,0.3
1,10,6.786959025959427e-08,honest,TN,124785,1.4698458342500051,5.0,0.3
2,1,0.00024261768727558937,byzantine,TP,57710,1.4416745418990102,5.0,0.3
2,2,0.00052184278245904,byzantine,TP,44271,0.8448817879579029,5.0,0.3
2,3,0.0008405166493510561,byzantine,TP,13547,1.2040873057914847,5.0,0.3
2,4,4.5036371620772895e-06,honest,TN,39460,1.3537419946367246,5.0,0.3
2,5,6.403041697393644e-06,honest,TN,25470,0.8636044859538863,5.0,0.3
2,6,5.439045948219551e-06,honest,TN,14579,1.5448182061827374,5.0,0.3
2,7,5.48959757575013e-06,honest,TN,14700,1.5031061614258054,5.0,0.3
2,8,5.552332490839489e-06,honest,TN,14364,1.2470516287115136,5.0,0.3
2,9,5.561180278656308e-06,honest,TN,34663,0.9728052721822986,5.0,0.3
2,10,6.096147538383712e-08,honest,TN,124785,1.4698458342500051,5.0,0.3
3,1,0.0002539820147696321,byzantine,TP,57710,1.4416745418990102,5.0,0.3
3,2,0.0005473189971377776,byzantine,TP,44271,0.8448817879579029,5.0,0.3
3,3,0.0008804873142280901,byzantine,TP,13547,1.2040873057914847,5.0,0.3
3,4,4.390082881290029e-06,honest,TN,39460,1.3537419946367246,5.0,0.3
3,5,6.2248379293174865e-06,honest,TN,25470,0.8636044859538863,5.0,0.3
3,6,5.377674140764841e-06,honest,TN,14579,1.5448182061827374,5.0,0.3
3,7,5.427001737660201e-06,honest,TN,14700,1.5031061614258054,5.0,0.3
3,8,5.445040667051591e-06,honest,TN,14364,1.2470516287115136,5.0,0.3
3,9,5.523761225974183e-06,honest,TN,34663,0.9728052721822986,5.0,0.3
3,10,6.068901089722622e-08,honest,TN,124785,1.4698458342500051,5.0,0.3
4,1,0.000265202008279253,byzantine,TP,57710,1.4416745418990102,5.0,0.3
4,2,0.000571509441030321,byzantine,TP,44271,0.8448817879579029,5.0,0.3
4,3,0.0009198923532980079,byzantine,TP,13547,1.2040873057914847,5.0,0.3
4,4,4.378672279630088e-06,honest,TN,39460,1.3537419946367246,5.0,0.3
4,5,6.241957689441288e-06,honest,TN,25470,0.8636044859538863,5.0,0.3
4,6,5.36622672094291e-06,honest,TN,14579,1.5448182061827374,5.0,0.3
4,7,5.417167512939938e-06,honest,TN,14700,1.5031061614258054,5.0,0.3
4,8,5.440532435845392e-06,honest,TN,14364,1.2470516287115136,5.0,0.3
4,9,5.496728410545262e-06,honest,TN,34663,0.9728052721822986,5.0,0.3
4,10,6.096901731360104e-08,honest,TN,124785,1.4698458342500051,5.0,0.3
5,1,0.00027658323656820026,byzantine,TP,57710,1.4416745418990102,5.0,0.3
5,2,0.0005958826269693563,byzantine,TP,44271,0.8448817879579029,5.0,0.3
5,3,0.0009593173875399614,byzantine,TP,13547,1.2040873057914847,5.0,0.3
5,4,4.394894395256609e-06,honest,TN,39460,1.3537419946367246,5.0,0.3
5,5,6.2438538760799815e-06,honest,TN,25470,0.8636044859538863,5.0,0.3
5,6,5.38910645196095e-06,honest,TN,14579,1.5448182061827374,5.0,0.3
5,7,5.399255123625302e-06,honest,TN,14700,1.5031061614258054,5.0,0.3
5,8,5.408647373684702e-06,honest,TN,14364,1.2470516287115136,5.0,0.3
5,9,5.528216934077615e-06,honest,TN,34663,0.9728052721822986,5.0,0.3
5,10,6.045832086338499e-08,honest,TN,124785,1.4698458342500051,5.0,0.3
6,1,0.0002874622590518447,byzantine,TP,57710,1.4416745418990102,5.0,0.3
6,2,0.000619238941935542,byzantine,TP,44271,0.8448817879579029,5.0,0.3
6,3,0.0009965519826198195,byzantine,TP,13547,1.2040873057914847,5.0,0.3
6,4,4.356082357725674e-06,honest,TN,39460,1.3537419946367246,5.0,0.3
6,5,6.213249645448232e-06,honest,TN,25470,0.8636044859538863,5.0,0.3
6,6,5.353793822460144e-06,honest,TN,14579,1.5448182061827374,5.0,0.3
6,7,5.409480271709321e-06,honest,TN,14700,1.5031061614258054,5.0,0.3
6,8,5.40721255767768e-06,honest,TN,14364,1.2470516287115136,5.0,0.3
6,9,5.488179218242585e-06,honest,TN,34663,0.9728052721822986,5.0,0.3
6,10,6.066410210697483e-08,honest,TN,124785,1.4698458342500051,5.0,0.3
7,1,0.000297620173446774,byzantine,TP,57710,1.4416745418990102,5.0,0.3
7,2,0.0006413492178195333,byzantine,TP,44271,0.8448817879579029,5.0,0.3
7,3,0.0010310092982997495,byzantine,TP,13547,1.2040873057914847,5.0,0.3
7,4,4.389324385153502e-06,honest,TN,39460,1.3537419946367246,5.0,0.3
7,5,6.254876029938057e-06,honest,TN,25470,0.8636044859538863,5.0,0.3
7,6,5.433437696784548e-06,honest,TN,14579,1.5448182061827374,5.0,0.3
7,7,5.4153485890187106e-06,honest,TN,14700,1.5031061614258054,5.0,0.3
7,8,5.432981161890695e-06,honest,TN,14364,1.2470516287115136,5.0,0.3
7,9,5.514946103352365e-06,honest,TN,34663,0.9728052721822986,5.0,0.3
7,10,6.079946134920522e-08,honest,TN,124785,1.4698458342500051,5.0,0.3
8,1,0.0003085015661441641,byzantine,TP,57710,1.4416745418990102,5.0,0.3
8,2,0.0006640725980896094,byzantine,TP,44271,0.8448817879579029,5.0,0.3
8,3,0.0010676555273153475,byzantine,TP,13547,1.2040873057914847,5.0,0.3
8,4,4.374237471038211e-06,honest,TN,39460,1.3537419946367246,5.0,0.3
8,5,6.209899248608645e-06,honest,TN,25470,0.8636044859538863,5.0,0.3
8,6,5.403080222612285e-06,honest,TN,14579,1.5448182061827374,5.0,0.3
8,7,5.380341209648944e-06,honest,TN,14700,1.5031061614258054,5.0,0.3
8,8,5.4015649454944515e-06,honest,TN,14364,1.2470516287115136,5.0,0.3
8,9,5.502546688803858e-06,honest,TN,34663,0.9728052721822986,5.0,0.3
8,10,6.072650041482648e-08,honest,TN,124785,1.4698458342500051,5.0,0.3
9,1,0.00031786749885962906,byzantine,TP,57710,1.4416745418990102,5.0,0.3
9,2,0.0006854725059694098,byzantine,TP,44271,0.8448817879579029,5.0,0.3
9,3,0.0011015530429367287,byzantine,TP,13547,1.2040873057914847,5.0,0.3
9,4,4.38663696133942e-06,honest,TN,39460,1.3537419946367246,5.0,0.3
9,5,6.266601889451364e-06,honest,TN,25470,0.8636044859538863,5.0,0.3
9,6,5.375954996935056e-06,honest,TN,14579,1.5448182061827374,5.0,0.3
9,7,5.449445499055018e-06,honest,TN,14700,1.5031061614258054,5.0,0.3
9,8,5.440026372464371e-06,honest,TN,14364,1.2470516287115136,5.0,0.3
9,9,5.5256238915406514e-06,honest,TN,34663,0.9728052721822986,5.0,0.3
9,10,6.025611021550475e-08,honest,TN,124785,1.4698458342500051,5.0,0.3
10,1,0.00032738265544994066,byzantine,TP,57710,1.4416745418990102,5.0,0.3
10,2,0.000706198795741184,byzantine,TP,44271,0.8448817879579029,5.0,0.3
10,3,0.001136204255448566,byzantine,TP,13547,1.2040873057914847,5.0,0.3
10,4,4.380996929207183e-06,honest,TN,39460,1.3537419946367246,5.0,0.3
10,5,6.234293923491506e-06,honest,TN,25470,0.8636044859538863,5.0,0.3
10,6,5.38279378293959e-06,honest,TN,14579,1.5448182061827374,5.0,0.3
10,7,5.417283029522801e-06,honest,TN,14700,1.5031061614258054,5.0,0.3
10,8,5.433340480994817e-06,honest,TN,14364,1.2470516287115136,5.0,0.3
10,9,5.498299993507448e-06,honest,TN,34663,0.9728052721822986,5.0,0.3
10,10,6.104897161978709e-08,honest,TN,124785,1.4698458342500051,5.0,0.3
11,1,0.0003377621197459727,byzantine,TP,57710,1.4416745418990102,5.0,0.3
11,2,0.0007286082866371716,byzantine,TP,44271,0.8448817879579029,5.0,0.3
11,3,0.001171265964257471,byzantine,TP,13547,1.2040873057914847,5.0,0.3
11,4,4.390942274331829e-06,honest,TN,39460,1.3537419946367246,5.0,0.3
11,5,6.262433521524613e-06,honest,TN,25470,0.8636044859538863,5.0,0.3
11,6,5.399886269001005e-06,honest,TN,14579,1.5448182061827374,5.0,0.3
11,7,5.403094477462104e-06,honest,TN,14700,1.5031061614258054,5.0,0.3
11,8,5.4281416494814336e-06,honest,TN,14364,1.2470516287115136,5.0,0.3
11,9,5.511097363270488e-06,honest,TN,34663,0.9728052721822986,5.0,0.3
11,10,6.029985784443461e-08,honest,TN,124785,1.4698458342500051,5.0,0.3
12,1,0.0003483053559286763,byzantine,TP,57710,1.4416745418990102,5.0,0.3
12,2,0.0007508583387326538,byzantine,TP,44271,0.8448817879579029,5.0,0.3
12,3,0.0012089915505878474,byzantine,TP,13547,1.2040873057914847,5.0,0.3
12,4,4.389778271500408e-06,honest,TN,39460,1.3537419946367246,5.0,0.3
12,5,6.285074449054275e-06,honest,TN,25470,0.8636044859538863,5.0,0.3
12,6,5.380995665536083e-06,honest,TN,14579,1.5448182061827374,5.0,0.3
12,7,5.43512037070004e-06,honest,TN,14700,1.5031061614258054,5.0,0.3
12,8,5.4340422518102345e-06,honest,TN,14364,1.2470516287115136,5.0,0.3
12,9,5.499655407621387e-06,honest,TN,34663,0.9728052721822986,5.0,0.3
12,10,6.026651154224042e-08,honest,TN,124785,1.4698458342500051,5.0,0.3
13,1,0.0003579318940946464,byzantine,TP,57710,1.4416745418990102,5.0,0.3
13,2,0.0007720018809904599,byzantine,TP,44271,0.8448817879579029,5.0,0.3
13,3,0.0012414851172846734,byzantine,TP,13547,1.2040873057914847,5.0,0.3
13,4,4.39990165089221e-06,honest,TN,39460,1.3537419946367246,5.0,0.3
13,5,6.271123968387488e-06,honest,TN,25470,0.8636044859538863,5.0,0.3
13,6,5.407347039201947e-06,honest,TN,14579,1.5448182061827374,5.0,0.3
13,7,5.4514239765976535e-06,honest,TN,14700,1.5031061614258054,5.0,0.3
13,8,5.450283881102206e-06,honest,TN,14364,1.2470516287115136,5.0,0.3
13,9,5.516929812217722e-06,honest,TN,34663,0.9728052721822986,5.0,0.3
13,10,6.053171893321028e-08,honest,TN,124785,1.4698458342500051,5.0,0.3
14,1,0.0003690940261972433,byzantine,TP,57710,1.4416745418990102,5.0,0.3
14,2,0.0007963503645030738,byzantine,TP,44271,0.8448817879579029,5.0,0.3
14,3,0.00127971157682043,byzantine,TP,13547,1.2040873057914847,5.0,0.3
14,4,4.40080218910232e-06,honest,TN,39460,1.3537419946367246,5.0,0.3
14,5,6.250387256702161e-06,honest,TN,25470,0.8636044859538863,5.0,0.3
14,6,5.378305970696432e-06,honest,TN,14579,1.5448182061827374,5.0,0.3
14,7,5.4101070249313315e-06,honest,TN,14700,1.5031061614258054,5.0,0.3
14,8,5.426696409643828e-06,honest,TN,14364,1.2470516287115136,5.0,0.3
14,9,5.4814908920203436e-06,honest,TN,34663,0.9728052721822986,5.0,0.3
14,10,6.05412585810571e-08,honest,TN,124785,1.4698458342500051,5.0,0.3
15,1,0.00037932133488695894,byzantine,TP,57710,1.4416745418990102,5.0,0.3
15,2,0.0008182716894421499,byzantine,TP,44271,0.8448817879579029,5.0,0.3
15,3,0.0013151932113013107,byzantine,TP,13547,1.2040873057914847,5.0,0.3
15,4,4.3925699121488154e-06,honest,TN,39460,1.3537419946367246,5.0,0.3
15,5,6.24899577923825e-06,honest,TN,25470,0.8636044859538863,5.0,0.3
15,6,5.3918145552618706e-06,honest,TN,14579,1.5448182061827374,5.0,0.3
15,7,5.422675675565979e-06,honest,TN,14700,1.5031061614258054,5.0,0.3
15,8,5.431750292306577e-06,honest,TN,14364,1.2470516287115136,5.0,0.3
15,9,5.52432962110745e-06,honest,TN,34663,0.9728052721822986,5.0,0.3
15,10,6.055970682637033e-08,honest,TN,124785,1.4698458342500051,5.0,0.3
16,1,0.00038916546853131777,byzantine,TP,57710,1.4416745418990102,5.0,0.3
16,2,0.0008382013072379835,byzantine,TP,44271,0.8448817879579029,5.0,0.3
16,3,0.0013484310572879103,byzantine,TP,13547,1.2040873057914847,5.0,0.3
16,4,4.375514785297775e-06,honest,TN,39460,1.3537419946367246,5.0,0.3
16,5,6.202740313392032e-06,honest,TN,25470,0.8636044859538863,5.0,0.3
16,6,5.3549096578547375e-06,honest,TN,14579,1.5448182061827374,5.0,0.3
16,7,5.391100680692474e-06,honest,TN,14700,1.5031061614258054,5.0,0.3
16,8,5.402828854991402e-06,honest,TN,14364,1.2470516287115136,5.0,0.3
16,9,5.476629274162451e-06,honest,TN,34663,0.9728052721822986,5.0,0.3
16,10,6.0600527434152e-08,honest,TN,124785,1.4698458342500051,5.0,0.3
17,1,0.00039854674318663105,byzantine,TP,57710,1.4416745418990102,5.0,0.3
17,2,0.0008590049139543914,byzantine,TP,44271,0.8448817879579029,5.0,0.3
17,3,0.0013825364885914626,byzantine,TP,13547,1.2040873057914847,5.0,0.3
17,4,4.37780269271054e-06,honest,TN,39460,1.3537419946367246,5.0,0.3
17,5,6.252633754422407e-06,honest,TN,25470,0.8636044859538863,5.0,0.3
17,6,5.397638865239849e-06,honest,TN,14579,1.5448182061827374,5.0,0.3
17,7,5.42411479981407e-06,honest,TN,14700,1.5031061614258054,5.0,0.3
17,8,5.426449422294307e-06,honest,TN,14364,1.2470516287115136,5.0,0.3
17,9,5.513348748465699e-06,honest,TN,34663,0.9728052721822986,5.0,0.3
17,10,6.057585878261978e-08,honest,TN,124785,1.4698458342500051,5.0,0.3
18,1,0.00040863130400187046,byzantine,TP,57710,1.4416745418990102,5.0,0.3
18,2,0.0008812928543937203,byzantine,TP,44271,0.8448817879579029,5.0,0.3
18,3,0.0014177848728426084,byzantine,TP,13547,1.2040873057914847,5.0,0.3
18,4,4.361006587788132e-06,honest,TN,39460,1.3537419946367246,5.0,0.3
18,5,6.243468209869787e-06,honest,TN,25470,0.8636044859538863,5.0,0.3
18,6,5.380839804186361e-06,honest,TN,14579,1.5448182061827374,5.0,0.3
18,7,5.397846807384867e-06,honest,TN,14700,1.5031061614258054,5.0,0.3
18,8,5.398999964887225e-06,honest,TN,14364,1.2470516287115136,5.0,0.3
18,9,5.557941489678234e-06,honest,TN,34663,0.9728052721822986,5.0,0.3
18,10,6.047989922631598e-08,honest,TN,124785,1.4698458342500051,5.0,0.3
19,1,0.0004183868928258559,byzantine,TP,57710,1.4416745418990102,5.0,0.3
19,2,0.0009022283013262679,byzantine,TP,44271,0.8448817879579029,5.0,0.3
19,3,0.0014518533770241108,byzantine,TP,13547,1.2040873057914847,5.0,0.3
19,4,4.406210115485325e-06,honest,TN,39460,1.3537419946367246,5.0,0.3
19,5,6.275754769089945e-06,honest,TN,25470,0.8636044859538863,5.0,0.3
19,6,5.3728284768378215e-06,honest,TN,14579,1.5448182061827374,5.0,0.3
19,7,5.433717791036726e-06,honest,TN,14700,1.5031061614258054,5.0,0.3
19,8,5.445242501398419e-06,honest,TN,14364,1.2470516287115136,5.0,0.3
19,9,5.511141571335193e-06,honest,TN,34663,0.9728052721822986,5.0,0.3
19,10,6.056361814809917e-08,honest,TN,124785,1.4698458342500051,5.0,0.3
20,1,0.0004284771795977306,byzantine,TP,57710,1.4416745418990102,5.0,0.3
20,2,0.0009243423351489725,byzantine,TP,44271,0.8448817879579029,5.0,0.3
20,3,0.001486715439435543,byzantine,TP,13547,1.2040873057914847,5.0,0.3
20,4,4.418178356904017e-06,honest,TN,39460,1.3537419946367246,5.0,0.3
20,5,6.2780730941737765e-06,honest,TN,25470,0.8636044859538863,5.0,0.3
20,6,5.389652579394074e-06,honest,TN,14579,1.5448182061827374,5.0,0.3
20,7,5.431024528586099e-06,honest,TN,14700,1.5031061614258054,5.0,0.3
20,8,5.436013272646151e-06,honest,TN,14364,1.2470516287115136,5.0,0.3
20,9,5.516581089003719e-06,honest,TN,34663,0.9728052721822986,5.0,0.3
20,10,6.023768171332826e-08,honest,TN,124785,1.4698458342500051,5.0,0.3
21,1,0.000439719304478586,byzantine,TP,57710,1.4416745418990102,5.0,0.3
21,2,0.0009482800741065635,byzantine,TP,44271,0.8448817879579029,5.0,0.3
21,3,0.0015240364228382955,byzantine,TP,13547,1.2040873057914847,5.0,0.3
21,4,4.400949421529491e-06,honest,TN,39460,1.3537419946367246,5.0,0.3
21,5,6.255270925678691e-06,honest,TN,25470,0.8636044859538863,5.0,0.3
21,6,5.3920429784314625e-06,honest,TN,14579,1.5448182061827374,5.0,0.3
21,7,5.444803518809026e-06,honest,TN,14700,1.5031061614258054,5.0,0.3
21,8,5.452692143038436e-06,honest,TN,14364,1.2470516287115136,5.0,0.3
21,9,5.506081776249038e-06,honest,TN,34663,0.9728052721822986,5.0,0.3
21,10,6.060353835767787e-08,honest,TN,124785,1.4698458342500051,5.0,0.3
22,1,0.0004492892193913268,byzantine,TP,57710,1.4416745418990102,5.0,0.3
22,2,0.0009693407778062278,byzantine,TP,44271,0.8448817879579029,5.0,0.3
22,3,0.001559041636657392,byzantine,TP,13547,1.2040873057914847,5.0,0.3
22,4,4.411829841933772e-06,honest,TN,39460,1.3537419946367246,5.0,0.3
22,5,6.235056213768404e-06,honest,TN,25470,0.8636044859538863,5.0,0.3
22,6,5.372042960643054e-06,honest,TN,14579,1.5448182061827374,5.0,0.3
22,7,5.448318252199404e-06,honest,TN,14700,1.5031061614258054,5.0,0.3
22,8,5.435072005686779e-06,honest,TN,14364,1.2470516287115136,5.0,0.3
22,9,5.466051253359551e-06,honest,TN,34663,0.9728052721822986,5.0,0.3
22,10,6.061313327424124e-08,honest,TN,124785,1.4698458342500051,5.0,0.3
23,1,0.0004591115729085858,byzantine,TP,57710,1.4416745418990102,5.0,0.3
23,2,0.0009899027536459473,byzantine,TP,44271,0.8448817879579029,5.0,0.3
23,3,0.0015927370006645677,byzantine,TP,13547,1.2040873057914847,5.0,0.3
23,4,4.411348469900424e-06,honest,TN,39460,1.3537419946367246,5.0,0.3
23,5,6.255595485794097e-06,honest,TN,25470,0.8636044859538863,5.0,0.3
23,6,5.397456249110218e-06,honest,TN,14579,1.5448182061827374,5.0,0.3
23,7,5.441084371660275e-06,honest,TN,14700,1.5031061614258054,5.0,0.3
23,8,5.434465153351569e-06,honest,TN,14364,1.2470516287115136,5.0,0.3
23,9,5.495875727876341e-06,honest,TN,34663,0.9728052721822986,5.0,0.3
23,10,6.079375109147678e-08,honest,TN,124785,1.4698458342500051,5.0,0.3
24,1,0.0004690827577981033,byzantine,TP,57710,1.4416745418990102,5.0,0.3
24,2,0.001011557347918753,byzantine,TP,44271,0.8448817879579029,5.0,0.3
24,3,0.0016288438489939112,byzantine,TP,13547,1.2040873057914847,5.0,0.3
24,4,4.408640556572305e-06,honest,TN,39460,1.3537419946367246,5.0,0.3
24,5,6.27024775828768e-06,honest,TN,25470,0.8636044859538863,5.0,0.3
24,6,5.402810561178155e-06,honest,TN,14579,1.5448182061827374,5.0,0.3
24,7,5.42707876799772e-06,honest,TN,14700,1.5031061614258054,5.0,0.3
24,8,5.433054801107811e-06,honest,TN,14364,1.2470516287115136,5.0,0.3
24,9,5.5271217296093465e-06,honest,TN,34663,0.9728052721822986,5.0,0.3
24,10,6.057558071749808e-08,honest,TN,124785,1.4698458342500051,5.0,0.3
25,1,0.00047966520629094764,byzantine,TP,57710,1.4416745418990102,5.0,0.3
25,2,0.001034923083076077,byzantine,TP,44271,0.8448817879579029,5.0,0.3
25,3,0.0016648897058198706,byzantine,TP,13547,1.2040873057914847,5.0,0.3
25,4,4.3961956116060595e-06,honest,TN,39460,1.3537419946367246,5.0,0.3
25,5,6.26639575472318e-06,honest,TN,25470,0.8636044859538863,5.0,0.3
25,6,5.417071779538066e-06,honest,TN,14579,1.5448182061827374,5.0,0.3
25,7,5.447844407524176e-06,honest,TN,14700,1.5031061614258054,5.0,0.3
25,8,5.4535145198666284e-06,honest,TN,14364,1.2470516287115136,5.0,0.3
25,9,5.53252905792482e-06,honest,TN,34663,0.9728052721822986,5.0,0.3
25,10,6.080153669360717e-08,honest,TN,124785,1.4698458342500051,5.0,0.3
