round,client,loss,accuracy,Normal,SQL_injection,Uploading,Backdoor,Port_Scanning,XSS,Password,Fingerprinting,norm_guard_rejected,krum_selected,krum_detected_byzantine,dp_epsilon_spent_cumulative,round_time_s,dp_full_run_target_epsilon,dp_per_round_target_epsilon_deprecated,dp_noise_multiplier,krum_scores_byzantine_mean,krum_scores_honest_mean,krum_score_ratio,nan_this_round
1,1,2.381249,0.053876,0.080000,0.000000,0.000000,0.000000,0.000000,0.190871,0.000000,0.000000,0,0,0,N/A,0.00,N/A,N/A,N/A,N/A,N/A,N/A,N/A
1,2,1.709793,0.504628,0.675303,0.000000,0.000000,0.000000,0.000000,0.214008,0.000000,0.000000,0,0,0,N/A,0.00,N/A,N/A,N/A,N/A,N/A,N/A,N/A
1,3,2.310786,0.012506,0.000000,0.000000,0.076655,0.000000,0.000000,0.111842,0.000000,0.000000,0,0,0,N/A,0.00,N/A,N/A,N/A,N/A,N/A,N/A,N/A
1,4,2.230375,0.083123,0.087931,0.000000,0.152709,0.000000,0.000000,0.220779,0.000000,0.000000,0,0,0,N/A,0.00,N/A,N/A,N/A,N/A,N/A,N/A,N/A
1,5,1.578034,0.482278,0.659691,0.000000,0.088180,0.000000,0.000000,0.111588,0.000000,0.000000,0,0,0,N/A,0.00,N/A,N/A,N/A,N/A,N/A,N/A,N/A
1,6,1.948043,0.380731,0.562787,0.000000,0.090909,0.000000,0.000000,0.087500,0.000000,0.000000,0,0,0,N/A,0.00,N/A,N/A,N/A,N/A,N/A,N/A,N/A
1,7,1.721793,0.623671,0.771043,0.000000,0.085960,0.000000,0.000000,0.103448,0.000000,0.000000,0,0,0,N/A,0.00,N/A,N/A,N/A,N/A,N/A,N/A,N/A
1,8,1.893577,0.352625,0.520672,0.000000,0.132841,0.000000,0.000000,0.000000,0.000000,0.000000,0,0,0,N/A,0.00,N/A,N/A,N/A,N/A,N/A,N/A,N/A
1,9,2.079013,0.296141,0.456782,0.000000,0.100334,0.000000,0.000000,0.179551,0.000000,0.000000,0,0,0,N/A,0.00,N/A,N/A,N/A,N/A,N/A,N/A,N/A
1,10,1.528748,0.617589,0.780008,0.000000,0.063291,0.000000,0.000000,0.151515,0.000000,0.000000,0,0,0,N/A,0.00,N/A,N/A,N/A,N/A,N/A,N/A,N/A
1,MEAN,1.938141,0.340717,0.459422,0.000000,0.079088,0.000000,0.000000,0.137110,0.000000,0.000000,0,,N/A,N/A,408.24,N/A,N/A,N/A,N/A,N/A,N/A,0
2,1,1.619500,0.202365,0.148802,0.141414,0.007220,0.000000,0.525773,0.291139,0.296512,0.000000,0,0,0,N/A,0.00,N/A,N/A,N/A,N/A,N/A,N/A,N/A
2,2,0.972981,0.713078,0.840000,0.861060,0.053763,0.000000,0.484848,0.254630,0.303704,0.000000,0,0,0,N/A,0.00,N/A,N/A,N/A,N/A,N/A,N/A,N/A
2,3,1.532222,0.276909,0.000000,0.450314,0.257028,0.000000,0.490566,0.298246,0.380523,0.000000,0,0,0,N/A,0.00,N/A,N/A,N/A,N/A,N/A,N/A,N/A
2,4,1.410132,0.450042,0.208333,0.795827,0.431677,0.000000,0.476636,0.283333,0.324324,0.000000,0,0,0,N/A,0.00,N/A,N/A,N/A,N/A,N/A,N/A,N/A
2,5,0.999727,0.657443,0.836386,0.582966,0.440523,0.000000,0.260870,0.320988,0.285344,0.000000,0,0,0,N/A,0.00,N/A,N/A,N/A,N/A,N/A,N/A,N/A
2,6,0.877480,0.796203,0.904889,0.905357,0.289348,0.000000,0.503876,0.285714,0.356688,0.000000,0,0,0,N/A,0.00,N/A,N/A,N/A,N/A,N/A,N/A,N/A
2,7,0.855775,0.787307,0.917947,0.832869,0.343840,0.000000,0.541353,0.222222,0.214286,0.000000,0,0,0,N/A,0.00,N/A,N/A,N/A,N/A,N/A,N/A,N/A
2,8,1.124987,0.588902,0.681186,0.859649,0.457014,0.000000,0.465116,0.000000,0.409091,0.000000,0,0,0,N/A,0.00,N/A,N/A,N/A,N/A,N/A,N/A,N/A
2,9,1.235138,0.546809,0.727273,0.681865,0.276762,0.000000,0.517857,0.256228,0.349673,0.000000,0,0,0,N/A,0.00,N/A,N/A,N/A,N/A,N/A,N/A,N/A
2,10,0.860603,0.745850,0.902658,0.660763,0.218679,0.000000,0.384615,0.297030,0.317574,0.000000,0,0,0,N/A,0.00,N/A,N/A,N/A,N/A,N/A,N/A,N/A
2,MEAN,1.148855,0.576491,0.616747,0.677209,0.277585,0.000000,0.465151,0.250953,0.323772,0.000000,0,,N/A,N/A,373.31,N/A,N/A,N/A,N/A,N/A,N/A,0
3,1,0.689889,0.645204,0.313514,0.175299,0.061538,0.966825,0.966252,0.366864,0.473958,1.000000,0,0,0,N/A,0.00,N/A,N/A,N/A,N/A,N/A,N/A,N/A
3,2,0.606613,0.802817,0.879733,0.925182,0.219780,0.906667,0.816327,0.377919,0.458472,0.700000,0,0,0,N/A,0.00,N/A,N/A,N/A,N/A,N/A,N/A,N/A
3,3,0.729775,0.627959,0.000000,0.540084,0.579167,0.959330,0.957123,0.461538,0.485997,0.000000,0,0,0,N/A,0.00,N/A,N/A,N/A,N/A,N/A,N/A,N/A
3,4,0.699914,0.719563,0.324675,0.927487,0.671210,0.938511,0.925081,0.333333,0.280374,0.606061,0,0,0,N/A,0.00,N/A,N/A,N/A,N/A,N/A,N/A,N/A
3,5,0.658537,0.758061,0.872060,0.748264,0.649594,0.927273,0.794521,0.292683,0.387097,0.930233,0,0,0,N/A,0.00,N/A,N/A,N/A,N/A,N/A,N/A,N/A
3,6,0.524441,0.892908,0.917900,0.974565,0.622222,0.200000,0.974227,0.380952,0.354680,0.000000,0,0,0,N/A,0.00,N/A,N/A,N/A,N/A,N/A,N/A,N/A
3,7,0.494293,0.919383,0.951539,0.982143,0.638132,0.939655,0.984402,0.358974,0.271186,1.000000,0,0,0,N/A,0.00,N/A,N/A,N/A,N/A,N/A,N/A,N/A
3,8,0.530983,0.883055,0.912168,0.960486,0.658098,0.958284,0.814286,0.111111,0.298507,0.000000,0,0,0,N/A,0.00,N/A,N/A,N/A,N/A,N/A,N/A,N/A
3,9,0.676964,0.726786,0.770742,0.792913,0.593496,0.910112,0.971985,0.360759,0.443131,0.666667,0,0,0,N/A,0.00,N/A,N/A,N/A,N/A,N/A,N/A,N/A
3,10,0.579640,0.817787,0.929487,0.754797,0.493902,0.943820,0.651163,0.377193,0.451923,1.000000,0,0,0,N/A,0.00,N/A,N/A,N/A,N/A,N/A,N/A,N/A
3,MEAN,0.619105,0.779352,0.687182,0.778122,0.518714,0.865048,0.885537,0.342133,0.390533,0.590296,0,,N/A,N/A,345.62,N/A,N/A,N/A,N/A,N/A,N/A,0
4,1,0.632278,0.672799,0.421429,0.173913,0.046512,0.965599,0.969697,0.599156,0.477922,1.000000,0,0,0,N/A,0.00,N/A,N/A,N/A,N/A,N/A,N/A,N/A
4,2,0.504961,0.845473,0.917969,0.928377,0.203704,0.938776,0.816327,0.655290,0.481356,0.916667,0,0,0,N/A,0.00,N/A,N/A,N/A,N/A,N/A,N/A,N/A
4,3,0.665182,0.660563,0.000000,0.549075,0.642991,0.962874,0.959778,0.511211,0.512053,1.000000,0,0,0,N/A,0.00,N/A,N/A,N/A,N/A,N/A,N/A,N/A
4,4,0.592074,0.787573,0.418803,0.942953,0.758730,0.953947,0.940397,0.471795,0.450000,0.878049,0,0,0,N/A,0.00,N/A,N/A,N/A,N/A,N/A,N/A,N/A
4,5,0.546710,0.783673,0.902164,0.761905,0.716247,0.923077,0.794521,0.263566,0.437500,0.954545,0,0,0,N/A,0.00,N/A,N/A,N/A,N/A,N/A,N/A,N/A
4,6,0.451244,0.911533,0.935185,0.980427,0.706796,0.200000,0.974227,0.400000,0.503067,0.000000,0,0,0,N/A,0.00,N/A,N/A,N/A,N/A,N/A,N/A,N/A
4,7,0.391013,0.920412,0.952199,0.985163,0.667826,0.900826,0.987826,0.373333,0.615385,1.000000,0,0,0,N/A,0.00,N/A,N/A,N/A,N/A,N/A,N/A,N/A
4,8,0.445559,0.906921,0.930348,0.977238,0.762125,0.958284,0.820144,0.162162,0.512821,0.000000,0,0,0,N/A,0.00,N/A,N/A,N/A,N/A,N/A,N/A,N/A
4,9,0.576622,0.765380,0.831368,0.798226,0.654206,0.900000,0.971985,0.568075,0.469512,0.888889,0,0,0,N/A,0.00,N/A,N/A,N/A,N/A,N/A,N/A,N/A
4,10,0.485415,0.826680,0.945819,0.762580,0.472289,0.933333,0.658824,0.530488,0.465192,1.000000,0,0,0,N/A,0.00,N/A,N/A,N/A,N/A,N/A,N/A,N/A
4,MEAN,0.529106,0.808101,0.725528,0.785986,0.563142,0.863672,0.889373,0.453508,0.492481,0.763815,0,,N/A,N/A,408.72,N/A,N/A,N/A,N/A,N/A,N/A,0
5,1,0.571705,0.712878,0.674286,0.160584,0.045977,0.965599,0.969697,0.703448,0.535000,1.000000,0,0,0,N/A,0.00,N/A,N/A,N/A,N/A,N/A,N/A,N/A
5,2,0.438523,0.894970,0.969472,0.925023,0.218182,0.951724,0.816327,0.844063,0.573248,0.916667,0,0,0,N/A,0.00,N/A,N/A,N/A,N/A,N/A,N/A,N/A
5,3,0.598698,0.689594,0.000000,0.529492,0.647940,0.960573,0.959778,0.501629,0.564555,1.000000,0,0,0,N/A,0.00,N/A,N/A,N/A,N/A,N/A,N/A,N/A
5,4,0.548663,0.821998,0.675676,0.938230,0.766562,0.950820,0.940397,0.579926,0.523810,0.878049,0,0,0,N/A,0.00,N/A,N/A,N/A,N/A,N/A,N/A,N/A
5,5,0.490043,0.804939,0.955195,0.748052,0.727686,0.940092,0.794521,0.241975,0.541806,0.954545,0,0,0,N/A,0.00,N/A,N/A,N/A,N/A,N/A,N/A,N/A
5,6,0.415682,0.923711,0.971374,0.978251,0.725146,0.285714,0.974227,0.405229,0.597701,0.000000,0,0,0,N/A,0.00,N/A,N/A,N/A,N/A,N/A,N/A,N/A
5,7,0.353194,0.930017,0.974729,0.975037,0.698467,0.943723,0.987826,0.307692,0.434783,1.000000,0,0,0,N/A,0.00,N/A,N/A,N/A,N/A,N/A,N/A,N/A
5,8,0.426818,0.906921,0.957338,0.969880,0.744731,0.957143,0.820144,0.228571,0.550000,0.000000,0,0,0,N/A,0.00,N/A,N/A,N/A,N/A,N/A,N/A,N/A
5,9,0.506106,0.803592,0.927022,0.779221,0.674074,0.920455,0.971985,0.664207,0.543353,0.888889,0,0,0,N/A,0.00,N/A,N/A,N/A,N/A,N/A,N/A,N/A
5,10,0.424775,0.847826,0.971595,0.753501,0.470588,0.943820,0.658824,0.609113,0.553159,1.000000,0,0,0,N/A,0.00,N/A,N/A,N/A,N/A,N/A,N/A,N/A
5,MEAN,0.477421,0.833645,0.807669,0.775727,0.571935,0.881966,0.889373,0.508585,0.541741,0.763815,0,,N/A,N/A,370.54,N/A,N/A,N/A,N/A,N/A,N/A,0
6,1,0.523772,0.729961,0.830986,0.162963,0.038835,0.965599,0.962825,0.717608,0.593037,1.000000,0,0,0,N/A,0.00,N/A,N/A,N/A,N/A,N/A,N/A,N/A
6,2,0.410234,0.898189,0.969141,0.923354,0.188976,0.951724,0.926829,0.861496,0.608696,0.916667,0,0,0,N/A,0.00,N/A,N/A,N/A,N/A,N/A,N/A,N/A
6,3,0.554954,0.716838,0.000000,0.533149,0.667851,0.962874,0.966226,0.511905,0.624135,1.000000,0,0,0,N/A,0.00,N/A,N/A,N/A,N/A,N/A,N/A,N/A
6,4,0.509723,0.845508,0.771654,0.954160,0.804878,0.957096,0.947735,0.586207,0.651685,0.878049,0,0,0,N/A,0.00,N/A,N/A,N/A,N/A,N/A,N/A,N/A
6,5,0.450058,0.817517,0.958384,0.767318,0.747300,0.944444,0.918033,0.260870,0.599567,0.954545,0,0,0,N/A,0.00,N/A,N/A,N/A,N/A,N/A,N/A,N/A
6,6,0.392623,0.922636,0.967554,0.981300,0.736264,0.333333,0.959569,0.437870,0.640884,0.000000,0,0,0,N/A,0.00,N/A,N/A,N/A,N/A,N/A,N/A,N/A
6,7,0.323392,0.918696,0.969373,0.982249,0.682616,0.943723,0.969479,0.261438,0.560000,1.000000,0,0,0,N/A,0.00,N/A,N/A,N/A,N/A,N/A,N/A,N/A
6,8,0.391840,0.913484,0.960767,0.981707,0.779736,0.958284,0.924370,0.212766,0.651163,0.000000,0,0,0,N/A,0.00,N/A,N/A,N/A,N/A,N/A,N/A,N/A
6,9,0.467540,0.820787,0.948875,0.792079,0.674783,0.925714,0.974811,0.679785,0.629579,0.888889,0,0,0,N/A,0.00,N/A,N/A,N/A,N/A,N/A,N/A,N/A
6,10,0.392268,0.852964,0.972441,0.758280,0.439024,0.939850,0.825397,0.641509,0.615044,1.000000,0,0,0,N/A,0.00,N/A,N/A,N/A,N/A,N/A,N/A,N/A
6,MEAN,0.441640,0.843658,0.834918,0.783656,0.576026,0.888264,0.937527,0.517145,0.617379,0.763815,0,,N/A,N/A,502.97,N/A,N/A,N/A,N/A,N/A,N/A,0
7,1,0.500784,0.750329,0.742138,0.173228,0.071429,0.969267,0.962825,0.720000,0.624413,1.000000,0,0,0,N/A,0.00,N/A,N/A,N/A,N/A,N/A,N/A,N/A
7,2,0.372995,0.928773,0.985050,0.933455,0.328358,0.951724,0.926829,0.911917,0.658683,0.916667,0,0,0,N/A,0.00,N/A,N/A,N/A,N/A,N/A,N/A,N/A
7,3,0.534428,0.725324,0.000000,0.548295,0.702290,0.965352,0.966226,0.490765,0.638783,1.000000,0,0,0,N/A,0.00,N/A,N/A,N/A,N/A,N/A,N/A,N/A
7,4,0.483142,0.853904,0.900901,0.959044,0.808112,0.963934,0.947735,0.598131,0.666667,0.878049,0,0,0,N/A,0.00,N/A,N/A,N/A,N/A,N/A,N/A,N/A
7,5,0.419157,0.831466,0.983734,0.775583,0.775510,0.940092,0.918033,0.244489,0.606257,0.977778,0,0,0,N/A,0.00,N/A,N/A,N/A,N/A,N/A,N/A,N/A
7,6,0.364164,0.932307,0.987476,0.982175,0.770751,0.333333,0.959569,0.397959,0.681081,0.000000,0,0,0,N/A,0.00,N/A,N/A,N/A,N/A,N/A,N/A,N/A
7,7,0.291022,0.936878,0.989719,0.992526,0.732496,0.952790,0.969479,0.228261,0.758621,1.000000,0,0,0,N/A,0.00,N/A,N/A,N/A,N/A,N/A,N/A,N/A
7,8,0.364243,0.925418,0.981850,0.986217,0.813793,0.959524,0.924370,0.192308,0.727273,0.000000,0,0,0,N/A,0.00,N/A,N/A,N/A,N/A,N/A,N/A,N/A
7,9,0.436293,0.839893,0.970109,0.801782,0.736641,0.925714,0.974811,0.718699,0.634146,0.888889,0,0,0,N/A,0.00,N/A,N/A,N/A,N/A,N/A,N/A,N/A
7,10,0.358257,0.876680,0.987518,0.765292,0.590164,0.947761,0.825397,0.658174,0.632192,1.000000,0,0,0,N/A,0.00,N/A,N/A,N/A,N/A,N/A,N/A,N/A
7,MEAN,0.412448,0.860097,0.852849,0.791760,0.632954,0.890949,0.937527,0.516070,0.662812,0.766138,0,,N/A,N/A,564.17,N/A,N/A,N/A,N/A,N/A,N/A,0
8,1,0.533104,0.713535,0.584158,0.173228,0.053333,0.969267,0.962825,0.636986,0.568651,1.000000,0,0,0,N/A,0.00,N/A,N/A,N/A,N/A,N/A,N/A,N/A
8,2,0.445186,0.880885,0.941320,0.932605,0.222222,0.951724,0.926829,0.806358,0.576687,0.916667,0,0,0,N/A,0.00,N/A,N/A,N/A,N/A,N/A,N/A,N/A
8,3,0.555976,0.707012,0.000000,0.552217,0.717190,0.964200,0.966226,0.489028,0.600000,1.000000,0,0,0,N/A,0.00,N/A,N/A,N/A,N/A,N/A,N/A,N/A
8,4,0.511299,0.832074,0.612500,0.957411,0.809816,0.960784,0.947735,0.571429,0.488889,0.878049,0,0,0,N/A,0.00,N/A,N/A,N/A,N/A,N/A,N/A,N/A
8,5,0.457368,0.814086,0.941318,0.779783,0.757019,0.923077,0.918033,0.284960,0.574837,0.933333,0,0,0,N/A,0.00,N/A,N/A,N/A,N/A,N/A,N/A,N/A
8,6,0.395010,0.919771,0.958153,0.981737,0.745887,0.400000,0.959569,0.402597,0.612022,0.000000,0,0,0,N/A,0.00,N/A,N/A,N/A,N/A,N/A,N/A,N/A
8,7,0.329699,0.915952,0.963150,0.992526,0.670807,0.952790,0.969479,0.257143,0.666667,1.000000,0,0,0,N/A,0.00,N/A,N/A,N/A,N/A,N/A,N/A,N/A
8,8,0.386238,0.915274,0.957205,0.984709,0.784648,0.959620,0.924370,0.243902,0.536585,0.000000,0,0,0,N/A,0.00,N/A,N/A,N/A,N/A,N/A,N/A,N/A
8,9,0.483097,0.808177,0.898118,0.803571,0.705674,0.925714,0.974811,0.674200,0.584615,0.888889,0,0,0,N/A,0.00,N/A,N/A,N/A,N/A,N/A,N/A,N/A
8,10,0.411169,0.841107,0.954016,0.769671,0.457627,0.944238,0.825397,0.598540,0.581763,1.000000,0,0,0,N/A,0.00,N/A,N/A,N/A,N/A,N/A,N/A,N/A
8,MEAN,0.450815,0.834787,0.780994,0.792746,0.592422,0.895141,0.937527,0.496514,0.579072,0.761694,0,,N/A,N/A,509.55,N/A,N/A,N/A,N/A,N/A,N/A,0
9,1,0.728995,0.653088,0.329609,0.171674,0.060606,0.976526,0.961039,0.387755,0.491094,1.000000,0,0,0,N/A,0.00,N/A,N/A,N/A,N/A,N/A,N/A,N/A
9,2,0.663545,0.756942,0.842023,0.894636,0.203125,0.673077,0.912000,0.424000,0.404313,0.916667,0,0,0,N/A,0.00,N/A,N/A,N/A,N/A,N/A,N/A,N/A
9,3,0.737457,0.650737,0.000000,0.543511,0.687259,0.960000,0.963397,0.433862,0.518936,1.000000,0,0,0,N/A,0.00,N/A,N/A,N/A,N/A,N/A,N/A,N/A
9,4,0.675361,0.759866,0.341270,0.909091,0.791988,0.934169,0.944444,0.405229,0.268908,0.878049,0,0,0,N/A,0.00,N/A,N/A,N/A,N/A,N/A,N/A,N/A
9,5,0.618290,0.742282,0.844723,0.744621,0.728368,0.542105,0.918033,0.298137,0.420819,0.954545,0,0,0,N/A,0.00,N/A,N/A,N/A,N/A,N/A,N/A,N/A
9,6,0.504343,0.850287,0.885293,0.942657,0.714026,0.028986,0.959569,0.361446,0.323308,0.000000,0,0,0,N/A,0.00,N/A,N/A,N/A,N/A,N/A,N/A,N/A
9,7,0.431464,0.854545,0.906322,0.943574,0.659476,0.626703,0.966011,0.179104,0.205882,1.000000,0,0,0,N/A,0.00,N/A,N/A,N/A,N/A,N/A,N/A,N/A
9,8,0.469297,0.855012,0.871479,0.932258,0.753813,0.911929,0.901639,0.150000,0.230769,0.000000,0,0,0,N/A,0.00,N/A,N/A,N/A,N/A,N/A,N/A,N/A
9,9,0.686447,0.714941,0.734694,0.778173,0.687831,0.720339,0.972362,0.441261,0.453521,0.888889,0,0,0,N/A,0.00,N/A,N/A,N/A,N/A,N/A,N/A,N/A
9,10,0.576313,0.760870,0.879012,0.749811,0.403326,0.566372,0.800000,0.398438,0.475899,1.000000,0,0,0,N/A,0.00,N/A,N/A,N/A,N/A,N/A,N/A,N/A
9,MEAN,0.609151,0.759857,0.663442,0.761001,0.568982,0.694021,0.929849,0.347923,0.379345,0.763815,0,,N/A,N/A,491.48,N/A,N/A,N/A,N/A,N/A,N/A,0
10,1,0.463537,0.770696,0.936508,0.169231,0.043478,0.976526,0.961039,0.753709,0.648276,1.000000,0,0,0,N/A,0.00,N/A,N/A,N/A,N/A,N/A,N/A,N/A
10,2,0.349352,0.936419,0.992943,0.930064,0.478261,0.958904,0.912000,0.920513,0.654867,0.916667,0,0,0,N/A,0.00,N/A,N/A,N/A,N/A,N/A,N/A,N/A
10,3,0.501692,0.731577,0.000000,0.545198,0.691057,0.970273,0.963397,0.463054,0.661688,1.000000,0,0,0,N/A,0.00,N/A,N/A,N/A,N/A,N/A,N/A,N/A
10,4,0.452282,0.832074,0.962264,0.960684,0.748344,0.970684,0.947735,0.551532,0.666667,0.878049,0,0,0,N/A,0.00,N/A,N/A,N/A,N/A,N/A,N/A,N/A
10,5,0.372233,0.821404,0.993419,0.775583,0.729681,0.940639,0.918033,0.216216,0.628812,0.977778,0,0,0,N/A,0.00,N/A,N/A,N/A,N/A,N/A,N/A,N/A
10,6,0.340838,0.925501,0.993276,0.982175,0.707889,0.400000,0.959569,0.366071,0.656085,0.000000,0,0,0,N/A,0.00,N/A,N/A,N/A,N/A,N/A,N/A,N/A
10,7,0.252248,0.932075,0.996942,0.986627,0.687500,0.970464,0.966011,0.207207,0.500000,1.000000,0,0,0,N/A,0.00,N/A,N/A,N/A,N/A,N/A,N/A,N/A
10,8,0.330947,0.916468,0.993019,0.984709,0.760291,0.965762,0.901639,0.161290,0.608696,0.000000,0,0,0,N/A,0.00,N/A,N/A,N/A,N/A,N/A,N/A,N/A
10,9,0.404229,0.840275,0.986245,0.798226,0.696907,0.955556,0.972362,0.706790,0.647137,0.888889,0,0,0,N/A,0.00,N/A,N/A,N/A,N/A,N/A,N/A,N/A
10,10,0.319291,0.883794,0.994654,0.765292,0.613333,0.959410,0.800000,0.628684,0.652299,1.000000,0,0,0,N/A,0.00,N/A,N/A,N/A,N/A,N/A,N/A,N/A
10,MEAN,0.378665,0.859028,0.884927,0.789779,0.615674,0.906822,0.930178,0.497507,0.632453,0.766138,0,,N/A,N/A,555.66,N/A,N/A,N/A,N/A,N/A,N/A,0
11,1,0.484815,0.758213,0.756410,0.180328,0.066667,0.977726,0.962825,0.705882,0.641466,1.000000,0,0,0,N/A,0.00,N/A,N/A,N/A,N/A,N/A,N/A,N/A
11,2,0.430457,0.885714,0.948129,0.933211,0.218182,0.800000,0.926829,0.866120,0.601124,0.916667,0,0,0,N/A,0.00,N/A,N/A,N/A,N/A,N/A,N/A,N/A
11,3,0.512335,0.731577,0.000000,0.554113,0.713208,0.971631,0.966226,0.482558,0.645787,1.000000,0,0,0,N/A,0.00,N/A,N/A,N/A,N/A,N/A,N/A,N/A
11,4,0.466033,0.834593,0.792793,0.955479,0.791277,0.967742,0.947735,0.576159,0.495238,0.878049,0,0,0,N/A,0.00,N/A,N/A,N/A,N/A,N/A,N/A,N/A
11,5,0.443263,0.801738,0.949348,0.782925,0.737186,0.735714,0.918033,0.250540,0.605749,0.977778,0,0,0,N/A,0.00,N/A,N/A,N/A,N/A,N/A,N/A,N/A
11,6,0.390597,0.905802,0.954500,0.981250,0.707865,0.058824,0.959569,0.389744,0.627660,0.000000,0,0,0,N/A,0.00,N/A,N/A,N/A,N/A,N/A,N/A,N/A
11,7,0.332027,0.889194,0.952767,0.991018,0.635783,0.768212,0.969479,0.220994,0.511628,1.000000,0,0,0,N/A,0.00,N/A,N/A,N/A,N/A,N/A,N/A,N/A
11,8,0.375160,0.896778,0.940109,0.984663,0.756410,0.949192,0.924370,0.168421,0.520000,0.000000,0,0,0,N/A,0.00,N/A,N/A,N/A,N/A,N/A,N/A,N/A
11,9,0.456869,0.818112,0.920280,0.809899,0.697080,0.830189,0.974811,0.709898,0.636724,0.888889,0,0,0,N/A,0.00,N/A,N/A,N/A,N/A,N/A,N/A,N/A
11,10,0.410792,0.841897,0.953426,0.776812,0.445396,0.759420,0.825397,0.633257,0.646809,1.000000,0,0,0,N/A,0.00,N/A,N/A,N/A,N/A,N/A,N/A,N/A
11,MEAN,0.430235,0.836362,0.816776,0.794970,0.576905,0.781865,0.937527,0.500357,0.593218,0.766138,0,,N/A,N/A,507.72,N/A,N/A,N/A,N/A,N/A,N/A,0
12,1,0.761019,0.644547,0.272189,0.179487,0.048780,0.970484,0.962825,0.419512,0.488550,1.000000,0,0,0,N/A,0.00,N/A,N/A,N/A,N/A,N/A,N/A,N/A
12,2,0.713418,0.682897,0.729764,0.921348,0.069565,0.710000,0.926829,0.477099,0.438746,0.916667,0,0,0,N/A,0.00,N/A,N/A,N/A,N/A,N/A,N/A,N/A
12,3,0.759885,0.654310,0.000000,0.546805,0.701349,0.963314,0.966226,0.432692,0.515867,1.000000,0,0,0,N/A,0.00,N/A,N/A,N/A,N/A,N/A,N/A,N/A
12,4,0.675357,0.764903,0.290598,0.936842,0.772798,0.951768,0.947735,0.419890,0.360360,0.878049,0,0,0,N/A,0.00,N/A,N/A,N/A,N/A,N/A,N/A,N/A
12,5,0.645021,0.662017,0.737382,0.771508,0.598291,0.593023,0.918033,0.278351,0.435754,0.977778,0,0,0,N/A,0.00,N/A,N/A,N/A,N/A,N/A,N/A,N/A
12,6,0.505815,0.796920,0.780564,0.962625,0.519337,0.031250,0.959569,0.300000,0.368664,0.000000,0,0,0,N/A,0.00,N/A,N/A,N/A,N/A,N/A,N/A,N/A
12,7,0.460719,0.740995,0.791733,0.970992,0.402834,0.666667,0.969479,0.150538,0.274510,1.000000,0,0,0,N/A,0.00,N/A,N/A,N/A,N/A,N/A,N/A,N/A
12,8,0.475630,0.804893,0.765504,0.962382,0.608392,0.918552,0.924370,0.125000,0.305085,0.000000,0,0,0,N/A,0.00,N/A,N/A,N/A,N/A,N/A,N/A,N/A
12,9,0.721233,0.673672,0.640814,0.793503,0.551227,0.747748,0.974811,0.456989,0.465714,0.888889,0,0,0,N/A,0.00,N/A,N/A,N/A,N/A,N/A,N/A,N/A
12,10,0.621273,0.653953,0.766252,0.769231,0.188300,0.609929,0.825397,0.452555,0.484375,1.000000,0,0,0,N/A,0.00,N/A,N/A,N/A,N/A,N/A,N/A,N/A
12,MEAN,0.633937,0.707911,0.577480,0.781473,0.446087,0.716273,0.937527,0.351263,0.413762,0.766138,0,,N/A,N/A,490.87,N/A,N/A,N/A,N/A,N/A,N/A,0
13,1,0.427381,0.771353,0.936508,0.173913,0.086957,0.983683,0.962825,0.711765,0.649022,1.000000,0,0,0,N/A,0.00,N/A,N/A,N/A,N/A,N/A,N/A,N/A
13,2,0.304317,0.939235,0.992943,0.931756,0.521739,0.979866,0.926829,0.919540,0.670623,0.916667,0,0,0,N/A,0.00,N/A,N/A,N/A,N/A,N/A,N/A,N/A
13,3,0.473752,0.737383,0.000000,0.553009,0.712871,0.976359,0.966226,0.465347,0.660180,1.000000,0,0,0,N/A,0.00,N/A,N/A,N/A,N/A,N/A,N/A,N/A
13,4,0.419785,0.845508,0.962264,0.960684,0.779935,0.977346,0.951049,0.566474,0.681319,0.878049,0,0,0,N/A,0.00,N/A,N/A,N/A,N/A,N/A,N/A,N/A
13,5,0.323635,0.833981,0.994155,0.780488,0.766551,0.944954,0.918033,0.231618,0.632025,0.977778,0,0,0,N/A,0.00,N/A,N/A,N/A,N/A,N/A,N/A,N/A
13,6,0.308672,0.931590,0.994236,0.982175,0.750000,0.400000,0.959569,0.373832,0.691489,0.000000,0,0,0,N/A,0.00,N/A,N/A,N/A,N/A,N/A,N/A,N/A
13,7,0.197429,0.940995,0.997221,0.991045,0.739212,0.983333,0.969479,0.217822,0.642857,1.000000,0,0,0,N/A,0.00,N/A,N/A,N/A,N/A,N/A,N/A,N/A
13,8,0.282626,0.928401,0.993019,0.984709,0.810304,0.970623,0.924370,0.178571,0.651163,0.000000,0,0,0,N/A,0.00,N/A,N/A,N/A,N/A,N/A,N/A,N/A
13,9,0.363755,0.847535,0.987637,0.803571,0.741483,0.972678,0.974811,0.708268,0.650602,0.888889,0,0,0,N/A,0.00,N/A,N/A,N/A,N/A,N/A,N/A,N/A
13,10,0.269424,0.887154,0.995142,0.769121,0.647799,0.970803,0.825397,0.644898,0.653295,1.000000,0,0,0,N/A,0.00,N/A,N/A,N/A,N/A,N/A,N/A,N/A
13,MEAN,0.337078,0.866314,0.885313,0.793047,0.655685,0.915965,0.937859,0.501813,0.658258,0.766138,0,,N/A,N/A,556.55,N/A,N/A,N/A,N/A,N/A,N/A,0
14,1,0.426558,0.777267,0.936508,0.175299,0.081633,0.983683,0.962825,0.721713,0.667423,1.000000,0,0,0,N/A,0.00,N/A,N/A,N/A,N/A,N/A,N/A,N/A
14,2,0.305338,0.940443,0.992943,0.934307,0.500000,0.979866,0.926829,0.917738,0.693878,0.916667,0,0,0,N/A,0.00,N/A,N/A,N/A,N/A,N/A,N/A,N/A
14,3,0.468575,0.739616,0.000000,0.551429,0.715128,0.973995,0.966226,0.478372,0.664179,1.000000,0,0,0,N/A,0.00,N/A,N/A,N/A,N/A,N/A,N/A,N/A
14,4,0.420567,0.848027,0.962264,0.958904,0.787781,0.974194,0.951049,0.576471,0.666667,0.878049,0,0,0,N/A,0.00,N/A,N/A,N/A,N/A,N/A,N/A,N/A
14,5,0.320959,0.836954,0.993913,0.781900,0.772701,0.923767,0.918033,0.235294,0.640674,0.977778,0,0,0,N/A,0.00,N/A,N/A,N/A,N/A,N/A,N/A,N/A
14,6,0.308032,0.933381,0.993765,0.981250,0.767967,0.400000,0.959569,0.378641,0.694737,0.000000,0,0,0,N/A,0.00,N/A,N/A,N/A,N/A,N/A,N/A,N/A
14,7,0.194686,0.941338,0.997221,0.992526,0.737828,0.983333,0.969479,0.210000,0.733333,1.000000,0,0,0,N/A,0.00,N/A,N/A,N/A,N/A,N/A,N/A,N/A
14,8,0.282309,0.928998,0.993897,0.983155,0.813084,0.970623,0.924370,0.180180,0.651163,0.000000,0,0,0,N/A,0.00,N/A,N/A,N/A,N/A,N/A,N/A,N/A
14,9,0.363802,0.850592,0.986283,0.804469,0.746562,0.972678,0.974811,0.715655,0.663116,0.888889,0,0,0,N/A,0.00,N/A,N/A,N/A,N/A,N/A,N/A,N/A
14,10,0.264719,0.890119,0.995307,0.771879,0.647619,0.970803,0.825397,0.655602,0.667140,1.000000,0,0,0,N/A,0.00,N/A,N/A,N/A,N/A,N/A,N/A,N/A
14,MEAN,0.335554,0.868673,0.885210,0.793512,0.657030,0.913294,0.937859,0.506966,0.674231,0.766138,0,,N/A,N/A,507.60,N/A,N/A,N/A,N/A,N/A,N/A,0
15,1,0.559231,0.705650,0.464730,0.167331,0.063492,0.980117,0.962825,0.581967,0.570406,1.000000,0,0,0,N/A,0.00,N/A,N/A,N/A,N/A,N/A,N/A,N/A
15,2,0.529286,0.783501,0.851119,0.925756,0.110092,0.730964,0.926829,0.669951,0.505208,0.916667,0,0,0,N/A,0.00,N/A,N/A,N/A,N/A,N/A,N/A,N/A
15,3,0.569848,0.701653,0.000000,0.547550,0.709924,0.972781,0.966226,0.441065,0.600000,1.000000,0,0,0,N/A,0.00,N/A,N/A,N/A,N/A,N/A,N/A,N/A
15,4,0.521159,0.807725,0.522876,0.955479,0.783826,0.964630,0.951049,0.519149,0.403101,0.878049,0,0,0,N/A,0.00,N/A,N/A,N/A,N/A,N/A,N/A,N/A
15,5,0.532996,0.735651,0.848469,0.776471,0.672269,0.624242,0.918033,0.280000,0.519751,0.977778,0,0,0,N/A,0.00,N/A,N/A,N/A,N/A,N/A,N/A,N/A
15,6,0.443370,0.855301,0.877925,0.976223,0.623165,0.033898,0.959569,0.264706,0.466667,0.000000,0,0,0,N/A,0.00,N/A,N/A,N/A,N/A,N/A,N/A,N/A
15,7,0.407878,0.823671,0.886130,0.981982,0.520833,0.684211,0.969479,0.210526,0.300000,1.000000,0,0,0,N/A,0.00,N/A,N/A,N/A,N/A,N/A,N/A,N/A
15,8,0.433119,0.853819,0.859301,0.980031,0.684932,0.931073,0.924370,0.117647,0.372881,0.000000,0,0,0,N/A,0.00,N/A,N/A,N/A,N/A,N/A,N/A,N/A
15,9,0.536259,0.753535,0.793266,0.797753,0.626030,0.792793,0.974811,0.617711,0.561589,0.888889,0,0,0,N/A,0.00,N/A,N/A,N/A,N/A,N/A,N/A,N/A
15,10,0.504881,0.756126,0.873457,0.764917,0.281690,0.637681,0.825397,0.556886,0.574344,1.000000,0,0,0,N/A,0.00,N/A,N/A,N/A,N/A,N/A,N/A,N/A
15,MEAN,0.503803,0.777663,0.697727,0.787349,0.507625,0.735239,0.937859,0.425961,0.487395,0.766138,0,,N/A,N/A,492.97,N/A,N/A,N/A,N/A,N/A,N/A,0
16,1,0.428553,0.773982,0.983333,0.171206,0.083333,0.983683,0.962825,0.739003,0.647465,1.000000,0,0,0,N/A,0.00,N/A,N/A,N/A,N/A,N/A,N/A,N/A
16,2,0.291429,0.943260,0.997082,0.932605,0.500000,0.979866,0.926829,0.930292,0.682353,0.916667,0,0,0,N/A,0.00,N/A,N/A,N/A,N/A,N/A,N/A,N/A
16,3,0.464935,0.735596,0.000000,0.549858,0.717054,0.976359,0.966226,0.453865,0.654135,1.000000,0,0,0,N/A,0.00,N/A,N/A,N/A,N/A,N/A,N/A,N/A
16,4,0.400233,0.850546,1.000000,0.960684,0.786517,0.977346,0.951049,0.579710,0.681319,0.878049,0,0,0,N/A,0.00,N/A,N/A,N/A,N/A,N/A,N/A,N/A
16,5,0.297437,0.836268,0.997556,0.778378,0.774640,0.949309,0.918033,0.240876,0.624733,0.977778,0,0,0,N/A,0.00,N/A,N/A,N/A,N/A,N/A,N/A,N/A
16,6,0.289516,0.933739,0.995671,0.982175,0.767010,0.500000,0.959569,0.375587,0.691489,0.000000,0,0,0,N/A,0.00,N/A,N/A,N/A,N/A,N/A,N/A,N/A
16,7,0.175486,0.941681,0.997777,0.989568,0.740187,0.987448,0.969479,0.220000,0.642857,1.000000,0,0,0,N/A,0.00,N/A,N/A,N/A,N/A,N/A,N/A,N/A
16,8,0.264775,0.930191,0.996497,0.984709,0.818605,0.970623,0.924370,0.176991,0.651163,0.000000,0,0,0,N/A,0.00,N/A,N/A,N/A,N/A,N/A,N/A,N/A
16,9,0.347020,0.849064,0.995839,0.799112,0.739130,0.972678,0.974811,0.726430,0.640646,0.888889,0,0,0,N/A,0.00,N/A,N/A,N/A,N/A,N/A,N/A,N/A
16,10,0.250998,0.888735,0.997081,0.768571,0.651899,0.974359,0.825397,0.657371,0.653295,1.000000,0,0,0,N/A,0.00,N/A,N/A,N/A,N/A,N/A,N/A,N/A
16,MEAN,0.321038,0.868306,0.896084,0.791687,0.657838,0.927167,0.937859,0.510012,0.656946,0.766138,0,,N/A,N/A,557.76,N/A,N/A,N/A,N/A,N/A,N/A,0
17,1,0.424464,0.784494,0.936508,0.177419,0.097561,0.983683,0.962825,0.737160,0.677928,1.000000,0,0,0,N/A,0.00,N/A,N/A,N/A,N/A,N/A,N/A,N/A
17,2,0.295156,0.939638,0.992943,0.932358,0.489796,0.979866,0.926829,0.918919,0.689855,0.916667,0,0,0,N/A,0.00,N/A,N/A,N/A,N/A,N/A,N/A,N/A
17,3,0.462968,0.744975,0.000000,0.556196,0.716535,0.975207,0.966226,0.463542,0.679941,1.000000,0,0,0,N/A,0.00,N/A,N/A,N/A,N/A,N/A,N/A,N/A
17,4,0.411379,0.845508,0.962264,0.957265,0.784566,0.974194,0.947735,0.570588,0.659341,0.878049,0,0,0,N/A,0.00,N/A,N/A,N/A,N/A,N/A,N/A,N/A
17,5,0.306936,0.838555,0.994155,0.783956,0.771196,0.932127,0.918033,0.234405,0.656995,0.977778,0,0,0,N/A,0.00,N/A,N/A,N/A,N/A,N/A,N/A,N/A
17,6,0.294653,0.932307,0.994242,0.980340,0.764463,0.333333,0.959569,0.382775,0.687500,0.000000,0,0,0,N/A,0.00,N/A,N/A,N/A,N/A,N/A,N/A,N/A
17,7,0.181070,0.941681,0.997499,0.992526,0.737828,0.987448,0.969479,0.210000,0.733333,1.000000,0,0,0,N/A,0.00,N/A,N/A,N/A,N/A,N/A,N/A,N/A
17,8,0.272701,0.930788,0.993897,0.981595,0.824074,0.970623,0.924370,0.186916,0.636364,0.000000,0,0,0,N/A,0.00,N/A,N/A,N/A,N/A,N/A,N/A,N/A
17,9,0.350640,0.854413,0.986283,0.810811,0.746507,0.972678,0.974811,0.715421,0.684142,0.888889,0,0,0,N/A,0.00,N/A,N/A,N/A,N/A,N/A,N/A,N/A
17,10,0.253991,0.891897,0.995468,0.773449,0.645161,0.970803,0.825397,0.648536,0.681149,1.000000,0,0,0,N/A,0.00,N/A,N/A,N/A,N/A,N/A,N/A,N/A
17,MEAN,0.325396,0.870426,0.885326,0.794592,0.657769,0.907996,0.937527,0.506826,0.678655,0.766138,0,,N/A,N/A,502.03,N/A,N/A,N/A,N/A,N/A,N/A,0
18,1,0.406042,0.790407,0.936508,0.179592,0.093023,0.983683,0.962825,0.751553,0.692650,1.000000,0,0,0,N/A,0.00,N/A,N/A,N/A,N/A,N/A,N/A,N/A
18,2,0.293519,0.940443,0.992943,0.934922,0.458333,0.979866,0.926829,0.916345,0.704871,0.916667,0,0,0,N/A,0.00,N/A,N/A,N/A,N/A,N/A,N/A,N/A
18,3,0.448174,0.747209,0.000000,0.554598,0.731898,0.975148,0.966226,0.472149,0.679912,1.000000,0,0,0,N/A,0.00,N/A,N/A,N/A,N/A,N/A,N/A,N/A
18,4,0.403033,0.848027,0.962264,0.957265,0.787200,0.974194,0.947735,0.584337,0.645833,0.878049,0,0,0,N/A,0.00,N/A,N/A,N/A,N/A,N/A,N/A,N/A
18,5,0.300895,0.841756,0.994155,0.781900,0.780600,0.940639,0.918033,0.238281,0.658385,0.977778,0,0,0,N/A,0.00,N/A,N/A,N/A,N/A,N/A,N/A,N/A
18,6,0.291896,0.934456,0.994242,0.980340,0.778689,0.500000,0.959569,0.382353,0.697436,0.000000,0,0,0,N/A,0.00,N/A,N/A,N/A,N/A,N/A,N/A,N/A
18,7,0.178784,0.943396,0.997221,0.992526,0.751852,0.983333,0.969479,0.216495,0.733333,1.000000,0,0,0,N/A,0.00,N/A,N/A,N/A,N/A,N/A,N/A,N/A
18,8,0.265510,0.933174,0.993897,0.984663,0.828704,0.970623,0.924370,0.190476,0.695652,0.000000,0,0,0,N/A,0.00,N/A,N/A,N/A,N/A,N/A,N/A,N/A
18,9,0.345915,0.857853,0.986283,0.809899,0.752988,0.972678,0.974811,0.726979,0.695201,0.888889,0,0,0,N/A,0.00,N/A,N/A,N/A,N/A,N/A,N/A,N/A
18,10,0.249330,0.894862,0.995468,0.774801,0.666667,0.970803,0.825397,0.662393,0.691615,1.000000,0,0,0,N/A,0.00,N/A,N/A,N/A,N/A,N/A,N/A,N/A
18,MEAN,0.318310,0.873158,0.885298,0.795050,0.662995,0.925097,0.937527,0.514136,0.689489,0.766138,0,,N/A,N/A,554.86,N/A,N/A,N/A,N/A,N/A,N/A,0
19,1,0.436816,0.773982,0.887218,0.172549,0.083333,0.980117,0.962825,0.750769,0.657534,1.000000,0,0,0,N/A,0.00,N/A,N/A,N/A,N/A,N/A,N/A,N/A
19,2,0.359801,0.918712,0.971646,0.932605,0.393443,0.784946,0.926829,0.915912,0.678363,0.916667,0,0,0,N/A,0.00,N/A,N/A,N/A,N/A,N/A,N/A,N/A
19,3,0.471964,0.744975,0.000000,0.550642,0.737044,0.973995,0.966226,0.480874,0.671609,1.000000,0,0,0,N/A,0.00,N/A,N/A,N/A,N/A,N/A,N/A,N/A
19,4,0.418297,0.854744,0.924528,0.959044,0.808112,0.967742,0.947735,0.593750,0.659341,0.878049,0,0,0,N/A,0.00,N/A,N/A,N/A,N/A,N/A,N/A,N/A
19,5,0.370494,0.817288,0.965017,0.779080,0.771557,0.686667,0.918033,0.251029,0.643678,0.977778,0,0,0,N/A,0.00,N/A,N/A,N/A,N/A,N/A,N/A,N/A
19,6,0.340223,0.919771,0.968535,0.982613,0.773176,0.044444,0.959569,0.397959,0.712766,0.000000,0,0,0,N/A,0.00,N/A,N/A,N/A,N/A,N/A,N/A,N/A
19,7,0.258946,0.911149,0.969143,0.991045,0.727273,0.758842,0.969479,0.223404,0.666667,1.000000,0,0,0,N/A,0.00,N/A,N/A,N/A,N/A,N/A,N/A,N/A
19,8,0.317926,0.910501,0.959423,0.984709,0.806236,0.941714,0.924370,0.196078,0.636364,0.000000,0,0,0,N/A,0.00,N/A,N/A,N/A,N/A,N/A,N/A,N/A
19,9,0.397356,0.834161,0.953652,0.800890,0.749522,0.814815,0.974811,0.718954,0.655080,0.888889,0,0,0,N/A,0.00,N/A,N/A,N/A,N/A,N/A,N/A,N/A
19,10,0.332231,0.865217,0.972259,0.769671,0.601124,0.717391,0.825397,0.666667,0.672328,1.000000,0,0,0,N/A,0.00,N/A,N/A,N/A,N/A,N/A,N/A,N/A
19,MEAN,0.370405,0.855050,0.857142,0.792285,0.645082,0.767067,0.937527,0.519540,0.665373,0.766138,0,,N/A,N/A,574.91,N/A,N/A,N/A,N/A,N/A,N/A,0
20,1,0.402924,0.780552,0.936508,0.171206,0.100000,0.983683,0.962825,0.756757,0.662870,1.000000,0,0,0,N/A,0.00,N/A,N/A,N/A,N/A,N/A,N/A,N/A
20,2,0.283421,0.939235,0.992943,0.931756,0.509804,0.979866,0.926829,0.920103,0.678466,0.916667,0,0,0,N/A,0.00,N/A,N/A,N/A,N/A,N/A,N/A,N/A
20,3,0.446524,0.746315,0.000000,0.553009,0.738050,0.976359,0.966226,0.475936,0.672107,1.000000,0,0,0,N/A,0.00,N/A,N/A,N/A,N/A,N/A,N/A,N/A
20,4,0.393793,0.858102,0.962264,0.959044,0.809449,0.977346,0.947735,0.597561,0.666667,0.878049,0,0,0,N/A,0.00,N/A,N/A,N/A,N/A,N/A,N/A,N/A
20,5,0.286987,0.843814,0.994155,0.781193,0.790883,0.953704,0.918033,0.249505,0.644958,0.977778,0,0,0,N/A,0.00,N/A,N/A,N/A,N/A,N/A,N/A,N/A
20,6,0.286586,0.939112,0.994236,0.982175,0.801603,0.500000,0.959569,0.410256,0.698413,0.000000,0,0,0,N/A,0.00,N/A,N/A,N/A,N/A,N/A,N/A,N/A
20,7,0.162254,0.945455,0.997499,0.991045,0.766114,0.987448,0.969479,0.230366,0.689655,1.000000,0,0,0,N/A,0.00,N/A,N/A,N/A,N/A,N/A,N/A,N/A
20,8,0.253305,0.933771,0.993019,0.984709,0.834862,0.971765,0.924370,0.192308,0.651163,0.000000,0,0,0,N/A,0.00,N/A,N/A,N/A,N/A,N/A,N/A,N/A
20,9,0.338724,0.852121,0.986942,0.801782,0.759295,0.972678,0.974811,0.724638,0.660477,0.888889,0,0,0,N/A,0.00,N/A,N/A,N/A,N/A,N/A,N/A,N/A
20,10,0.237378,0.891107,0.995142,0.769121,0.677116,0.970803,0.825397,0.658174,0.670438,1.000000,0,0,0,N/A,0.00,N/A,N/A,N/A,N/A,N/A,N/A,N/A
20,MEAN,0.309190,0.872958,0.885271,0.792504,0.678718,0.927365,0.937527,0.521560,0.669521,0.766138,0,,N/A,N/A,553.94,N/A,N/A,N/A,N/A,N/A,N/A,0
21,1,0.405205,0.785808,0.936508,0.176707,0.097561,0.983683,0.962825,0.743902,0.680899,1.000000,0,0,0,N/A,0.00,N/A,N/A,N/A,N/A,N/A,N/A,N/A
21,2,0.290212,0.940443,0.992943,0.934307,0.478261,0.979866,0.926829,0.919334,0.690058,0.916667,0,0,0,N/A,0.00,N/A,N/A,N/A,N/A,N/A,N/A,N/A
21,3,0.449621,0.742296,0.000000,0.556196,0.714844,0.973995,0.966226,0.461140,0.674074,1.000000,0,0,0,N/A,0.00,N/A,N/A,N/A,N/A,N/A,N/A,N/A
21,4,0.394823,0.844668,0.962264,0.960684,0.778675,0.974194,0.947735,0.565598,0.681319,0.878049,0,0,0,N/A,0.00,N/A,N/A,N/A,N/A,N/A,N/A,N/A
21,5,0.293576,0.836954,0.994155,0.783318,0.764740,0.932127,0.918033,0.231776,0.659044,0.977778,0,0,0,N/A,0.00,N/A,N/A,N/A,N/A,N/A,N/A,N/A
21,6,0.287927,0.931948,0.994719,0.982175,0.746331,0.333333,0.959569,0.373832,0.708995,0.000000,0,0,0,N/A,0.00,N/A,N/A,N/A,N/A,N/A,N/A,N/A
21,7,0.169716,0.940995,0.997499,0.992526,0.734463,0.983333,0.969479,0.207921,0.733333,1.000000,0,0,0,N/A,0.00,N/A,N/A,N/A,N/A,N/A,N/A,N/A
21,8,0.254610,0.931981,0.993897,0.986217,0.821346,0.971765,0.924370,0.183486,0.697674,0.000000,0,0,0,N/A,0.00,N/A,N/A,N/A,N/A,N/A,N/A,N/A
21,9,0.340730,0.852885,0.986960,0.807175,0.740000,0.972678,0.974811,0.718601,0.678055,0.888889,0,0,0,N/A,0.00,N/A,N/A,N/A,N/A,N/A,N/A,N/A
21,10,0.245633,0.891502,0.995468,0.771326,0.664452,0.967273,0.825397,0.640496,0.678873,1.000000,0,0,0,N/A,0.00,N/A,N/A,N/A,N/A,N/A,N/A,N/A
21,MEAN,0.313206,0.869948,0.885441,0.795063,0.654067,0.907225,0.937527,0.504609,0.688232,0.766138,0,,N/A,N/A,552.49,N/A,N/A,N/A,N/A,N/A,N/A,0
22,1,0.712125,0.681997,0.374558,0.171429,0.062500,0.977778,0.962825,0.575000,0.519255,1.000000,0,0,0,N/A,0.00,N/A,N/A,N/A,N/A,N/A,N/A,N/A
22,2,0.618968,0.764185,0.821871,0.914019,0.107623,0.669767,0.926829,0.686179,0.473538,0.916667,0,0,0,N/A,0.00,N/A,N/A,N/A,N/A,N/A,N/A,N/A
22,3,0.693519,0.682894,0.000000,0.536296,0.707457,0.970484,0.966226,0.434783,0.568552,1.000000,0,0,0,N/A,0.00,N/A,N/A,N/A,N/A,N/A,N/A,N/A
22,4,0.587805,0.795970,0.450867,0.930973,0.783699,0.946372,0.947735,0.553719,0.420168,0.878049,0,0,0,N/A,0.00,N/A,N/A,N/A,N/A,N/A,N/A,N/A
22,5,0.620984,0.707295,0.817073,0.762082,0.655721,0.543536,0.918033,0.255034,0.478215,0.977778,0,0,0,N/A,0.00,N/A,N/A,N/A,N/A,N/A,N/A,N/A
22,6,0.493928,0.829513,0.849105,0.957359,0.608974,0.025000,0.959569,0.330935,0.427350,0.000000,0,0,0,N/A,0.00,N/A,N/A,N/A,N/A,N/A,N/A,N/A
22,7,0.440094,0.797599,0.861614,0.967939,0.505718,0.612565,0.969479,0.151515,0.250000,1.000000,0,0,0,N/A,0.00,N/A,N/A,N/A,N/A,N/A,N/A,N/A
22,8,0.466538,0.837709,0.843305,0.952681,0.686160,0.919643,0.924370,0.119403,0.314286,0.000000,0,0,0,N/A,0.00,N/A,N/A,N/A,N/A,N/A,N/A,N/A
22,9,0.646919,0.727933,0.747502,0.785134,0.619125,0.727273,0.974811,0.584416,0.533153,0.888889,0,0,0,N/A,0.00,N/A,N/A,N/A,N/A,N/A,N/A,N/A
22,10,0.581558,0.727866,0.842305,0.760208,0.269179,0.545455,0.825397,0.582583,0.552593,1.000000,0,0,0,N/A,0.00,N/A,N/A,N/A,N/A,N/A,N/A,N/A
22,MEAN,0.586244,0.755296,0.660820,0.773812,0.500616,0.693787,0.937527,0.427357,0.453711,0.766138,0,,N/A,N/A,463.34,N/A,N/A,N/A,N/A,N/A,N/A,0
23,1,0.422196,0.789093,0.936508,0.181818,0.086957,0.983683,0.962825,0.743034,0.691193,1.000000,0,0,0,N/A,0.00,N/A,N/A,N/A,N/A,N/A,N/A,N/A
23,2,0.303618,0.940443,0.992943,0.935041,0.489796,0.979866,0.926829,0.916345,0.699422,0.916667,0,0,0,N/A,0.00,N/A,N/A,N/A,N/A,N/A,N/A,N/A
23,3,0.461561,0.747655,0.000000,0.559420,0.726923,0.973995,0.966226,0.473404,0.679941,1.000000,0,0,0,N/A,0.00,N/A,N/A,N/A,N/A,N/A,N/A,N/A
23,4,0.406690,0.854744,0.962264,0.957118,0.804416,0.974194,0.951049,0.589666,0.666667,0.878049,0,0,0,N/A,0.00,N/A,N/A,N/A,N/A,N/A,N/A,N/A
23,5,0.309954,0.841070,0.994155,0.784349,0.778802,0.907489,0.918033,0.239216,0.656965,0.977778,0,0,0,N/A,0.00,N/A,N/A,N/A,N/A,N/A,N/A,N/A
23,6,0.299867,0.934456,0.994242,0.980795,0.777096,0.333333,0.959569,0.384236,0.697917,0.000000,0,0,0,N/A,0.00,N/A,N/A,N/A,N/A,N/A,N/A,N/A
23,7,0.188010,0.942710,0.997221,0.992526,0.748148,0.979253,0.969479,0.207254,0.733333,1.000000,0,0,0,N/A,0.00,N/A,N/A,N/A,N/A,N/A,N/A,N/A
23,8,0.270213,0.934368,0.993897,0.986217,0.832184,0.970623,0.924370,0.192308,0.697674,0.000000,0,0,0,N/A,0.00,N/A,N/A,N/A,N/A,N/A,N/A,N/A
23,9,0.355658,0.854031,0.986283,0.809899,0.749020,0.972678,0.974811,0.717042,0.678947,0.888889,0,0,0,N/A,0.00,N/A,N/A,N/A,N/A,N/A,N/A,N/A
23,10,0.261508,0.893676,0.995468,0.775127,0.662461,0.967273,0.825397,0.660981,0.684836,1.000000,0,0,0,N/A,0.00,N/A,N/A,N/A,N/A,N/A,N/A,N/A
23,MEAN,0.327928,0.873225,0.885298,0.796231,0.665580,0.904239,0.937859,0.512349,0.688689,0.766138,0,,N/A,N/A,396.22,N/A,N/A,N/A,N/A,N/A,N/A,0
24,1,0.438701,0.775953,0.867647,0.177419,0.043478,0.984866,0.962825,0.736196,0.661345,1.000000,0,0,0,N/A,0.00,N/A,N/A,N/A,N/A,N/A,N/A,N/A
24,2,0.346987,0.933199,0.985869,0.934307,0.436364,0.941935,0.926829,0.913100,0.682353,0.916667,0,0,0,N/A,0.00,N/A,N/A,N/A,N/A,N/A,N/A,N/A
24,3,0.477100,0.738723,0.000000,0.555396,0.711538,0.975207,0.966226,0.465241,0.665175,1.000000,0,0,0,N/A,0.00,N/A,N/A,N/A,N/A,N/A,N/A,N/A
24,4,0.418844,0.842149,0.925926,0.962329,0.773676,0.974194,0.947735,0.553571,0.709677,0.878049,0,0,0,N/A,0.00,N/A,N/A,N/A,N/A,N/A,N/A,N/A
24,5,0.355923,0.829408,0.982738,0.782609,0.765347,0.891775,0.918033,0.242188,0.623266,0.977778,0,0,0,N/A,0.00,N/A,N/A,N/A,N/A,N/A,N/A,N/A
24,6,0.326394,0.931590,0.989413,0.983051,0.763265,0.181818,0.959569,0.388350,0.698925,0.000000,0,0,0,N/A,0.00,N/A,N/A,N/A,N/A,N/A,N/A,N/A
24,7,0.231862,0.934477,0.991906,0.989568,0.721915,0.951613,0.969479,0.212121,0.642857,1.000000,0,0,0,N/A,0.00,N/A,N/A,N/A,N/A,N/A,N/A,N/A
24,8,0.297577,0.923031,0.984238,0.984709,0.794457,0.969484,0.924370,0.163636,0.666667,0.000000,0,0,0,N/A,0.00,N/A,N/A,N/A,N/A,N/A,N/A,N/A
24,9,0.390937,0.840275,0.969986,0.800890,0.728682,0.962162,0.974811,0.707792,0.643243,0.888889,0,0,0,N/A,0.00,N/A,N/A,N/A,N/A,N/A,N/A,N/A
24,10,0.310408,0.884190,0.989821,0.772989,0.615385,0.956835,0.825397,0.645435,0.658083,1.000000,0,0,0,N/A,0.00,N/A,N/A,N/A,N/A,N/A,N/A,N/A
24,MEAN,0.359473,0.863299,0.868754,0.794327,0.635411,0.878989,0.937527,0.502763,0.665159,0.766138,0,,N/A,N/A,397.77,N/A,N/A,N/A,N/A,N/A,N/A,0
25,1,0.394131,0.790407,0.991597,0.173913,0.100000,0.984866,0.962825,0.795252,0.671946,1.000000,0,0,0,N/A,0.00,N/A,N/A,N/A,N/A,N/A,N/A,N/A
25,2,0.283905,0.943260,0.997082,0.930909,0.478261,0.979866,0.926829,0.934177,0.678466,0.916667,0,0,0,N/A,0.00,N/A,N/A,N/A,N/A,N/A,N/A,N/A
25,3,0.438596,0.739169,0.000000,0.545969,0.711281,0.976359,0.966226,0.476440,0.661182,1.000000,0,0,0,N/A,0.00,N/A,N/A,N/A,N/A,N/A,N/A,N/A
25,4,0.386165,0.849706,1.000000,0.959044,0.784566,0.977346,0.947735,0.587209,0.659341,0.878049,0,0,0,N/A,0.00,N/A,N/A,N/A,N/A,N/A,N/A,N/A
25,5,0.285371,0.837640,0.997556,0.774888,0.773858,0.953704,0.918033,0.248148,0.635021,0.977778,0,0,0,N/A,0.00,N/A,N/A,N/A,N/A,N/A,N/A,N/A
25,6,0.282370,0.936605,0.996150,0.982175,0.781186,0.500000,0.959569,0.394231,0.705263,0.000000,0,0,0,N/A,0.00,N/A,N/A,N/A,N/A,N/A,N/A,N/A
25,7,0.164956,0.943739,0.997498,0.991045,0.754647,0.983333,0.969479,0.234694,0.666667,1.000000,0,0,0,N/A,0.00,N/A,N/A,N/A,N/A,N/A,N/A,N/A
25,8,0.244581,0.930788,0.996497,0.983206,0.824074,0.971765,0.924370,0.180180,0.604651,0.000000,0,0,0,N/A,0.00,N/A,N/A,N/A,N/A,N/A,N/A,N/A
25,9,0.332505,0.855560,0.995839,0.802676,0.737475,0.972678,0.974811,0.744548,0.669302,0.888889,0,0,0,N/A,0.00,N/A,N/A,N/A,N/A,N/A,N/A,N/A
25,10,0.239412,0.890711,0.996918,0.763662,0.664516,0.970803,0.825397,0.678937,0.662873,1.000000,0,0,0,N/A,0.00,N/A,N/A,N/A,N/A,N/A,N/A,N/A
25,MEAN,0.305199,0.871759,0.896914,0.790749,0.660986,0.927072,0.937527,0.527382,0.661471,0.766138,0,,N/A,N/A,404.40,N/A,N/A,N/A,N/A,N/A,N/A,0
