round,client,loss,accuracy,Normal,DDoS_UDP,DDoS_ICMP,Ransomware,DDoS_HTTP,DDoS_TCP,Vulnerability_scanner,MITM
1,1,1.72,0.161,0.3054,0.0056,0,0.0529,0.0164,0.3129,0,0.447
1,2,1.4987,0.587,0.7091,0,0,0.7149,0.012,0.3002,0,0.664
1,3,1.9592,0.1007,0.0125,0.0179,0,0.0525,0.0154,0.3138,0,0.4986
1,4,1.5608,0.3694,0.4582,0.0196,0,0.2597,0.0126,0.1416,0,0.7022
1,5,1.9531,0.1249,0.0327,0.015,0,0.1923,0.0187,0.3296,0,0.2564
1,6,1.7942,0.1201,0.2472,0.0101,0,0.1175,0.0166,0.317,0,0.525
1,7,1.6645,0.3193,0.3002,0.0064,0,0.483,0,0.3141,0,0.573
1,8,1.6982,0.2402,0.1601,0.014,0,0.3625,0.0263,0.327,0,0.4683
1,9,1.7865,0.4803,0.5395,0,0,0.5543,0.0408,0.3677,0,0.7172
1,10,1.5403,0.3413,0.2652,0.0048,0,0.5786,0.0178,0.3279,0,0.5055
1,MEAN,1.7175,0.2844,0.303,0.0093,0,0.3368,0.0177,0.3052,0,0.5357
2,1,1.1115,0.5453,0.294,0.1143,0.8354,0.1291,0.9407,0.5038,0.0575,0.4431
2,2,1.1304,0.6344,0.6038,0.1134,0.795,0.7654,0.939,0.4618,0.1119,0.5315
2,3,1.4271,0.5392,0.0087,0.1406,0.8708,0.3616,0.7618,0.4293,0.0488,0.5197
2,4,1.3776,0.6464,0.3306,0.1479,0.8155,0.7397,0.9927,0.0846,0.061,0.55
2,5,0.8644,0.7517,0.0233,0.1255,0.8647,0.7942,0.849,0.5162,0,0.3871
2,6,1.1828,0.6633,0.1464,0.1274,0.8602,0.5508,0.9404,0.3086,0.0817,0.4596
2,7,1.5189,0.3732,0.2569,0.1107,0.7477,0.4637,0.3815,0.4828,0.0495,0.5498
2,8,1.3976,0.5372,0.1133,0.1414,0.8611,0.7812,0.9222,0.4503,0,0.4835
2,9,1.3152,0.5977,0.3697,0,0.8657,0.6917,0.1804,0.4891,0.0351,0.5781
2,10,1.3083,0.5048,0.2297,0.1261,0.708,0.7809,0.9851,0.4995,0.0851,0.5023
2,MEAN,1.2634,0.5793,0.2377,0.1147,0.8224,0.6058,0.7893,0.4226,0.0531,0.5005
3,1,0.6337,0.728,0.354,0.52,0.9958,0.4327,0.9989,0.6439,0.8104,0.8203
3,2,0.5697,0.8143,0.7987,0.5056,0.9959,0.9454,0.9989,0.5786,0.6043,0.8025
3,3,0.7212,0.7587,0.016,0.5836,0.9938,0.6034,0.986,0.5547,0.8142,0.8073
3,4,0.6436,0.8327,0.6764,0.5205,0.9921,0.895,0.9997,0.0679,0.6221,0.8336
3,5,0.3415,0.9041,0.0417,0.5642,0.9932,0.9546,0.9929,0.652,0.186,0.78
3,6,0.5608,0.8379,0.3118,0.5699,0.9948,0.7753,0.9981,0.3849,0.7717,0.8109
3,7,0.87,0.6437,0.3639,0.5639,0.9929,0.8046,0.9851,0.6178,0.8,0.8137
3,8,0.7539,0.7291,0.208,0.5769,0.9924,0.9042,0.9967,0.58,0.4737,0.81
3,9,0.551,0.8597,0.7117,0.0333,0.995,0.924,0.85,0.4592,0.7341,0.8301
3,10,0.7835,0.6651,0.3276,0.5528,0.9608,0.9402,0.9992,0.6427,0.2184,0.8219
3,MEAN,0.6429,0.7773,0.381,0.4991,0.9907,0.8179,0.9805,0.5182,0.6035,0.813
4,1,0.4443,0.8382,0.4768,0.5773,0.9967,0.5911,0.998,0.8123,0.9005,0.8992
4,2,0.3727,0.8759,0.8929,0.6028,1,0.9548,1,0.7025,0.6711,0.9008
4,3,0.4704,0.8349,0.0356,0.6615,0.9972,0.8521,0.9977,0.6712,0.896,0.8798
4,4,0.3845,0.894,0.9413,0.6348,0.9921,0.943,0.9983,0.075,0.7301,0.9176
4,5,0.2234,0.9381,0.0686,0.6476,0.9969,0.9615,0.9977,0.8041,0.1926,0.7258
4,6,0.367,0.8746,0.5842,0.6466,0.9977,0.8961,0.9976,0.4221,0.859,0.8633
4,7,0.5981,0.7801,0.5175,0.6393,0.9976,0.8971,1,0.7705,0.9004,0.8887
4,8,0.5113,0.8012,0.3476,0.646,0.9928,0.9557,0.9974,0.6864,0.5283,0.839
4,9,0.3475,0.9154,0.8897,0.0625,0.9981,0.9438,1,0.5254,0.8313,0.9126
4,10,0.5337,0.7868,0.4656,0.627,0.9608,0.9576,0.9989,0.794,0.2902,0.8832
4,MEAN,0.4253,0.8539,0.522,0.5745,0.993,0.8953,0.9986,0.6264,0.6799,0.871
5,1,0.2391,0.9278,0.7068,0.8467,0.9979,0.6224,0.9985,0.9411,0.9058,0.9068
5,2,0.1984,0.9299,0.9564,0.7377,1,0.9683,1,0.9016,0.6688,0.9168
5,3,0.2288,0.9352,0.0897,0.9005,0.9989,0.8832,0.9981,0.8948,0.9038,0.88
5,4,0.2173,0.9326,0.9762,0.7577,0.9921,0.9582,0.9992,0.2553,0.7544,0.9306
5,5,0.1148,0.9752,0.18,0.9122,0.9987,0.972,0.9987,0.9368,0.1818,0.75
5,6,0.1876,0.9458,0.8115,0.8862,0.9984,0.9159,0.9989,0.7778,0.8628,0.8626
5,7,0.3155,0.8998,0.7377,0.8671,1,0.9171,1,0.9291,0.9061,0.9017
5,8,0.2294,0.9233,0.6045,0.8997,0.9962,0.9695,0.9974,0.9025,0.5119,0.8447
5,9,0.21,0.9352,0.9626,0.0462,0.9992,0.9597,0.9851,0.8091,0.8357,0.9254
5,10,0.2301,0.9154,0.7103,0.8722,0.9515,0.9716,0.9989,0.9341,0.2872,0.8907
5,MEAN,0.2171,0.932,0.6736,0.7726,0.9933,0.9138,0.9975,0.8282,0.6818,0.8809
6,1,0.3376,0.8757,0.5594,0.6471,0.9983,0.5918,0.999,0.8852,0.8526,0.9068
6,2,0.2997,0.9048,0.9345,0.7018,1,0.9684,1,0.776,0.6409,0.9072
6,3,0.3768,0.8715,0.052,0.7451,0.9989,0.8519,0.9996,0.7536,0.8397,0.8885
6,4,0.3355,0.9082,0.9734,0.7215,0.996,0.956,0.9993,0.0988,0.7237,0.9242
6,5,0.147,0.9589,0.1088,0.7291,0.9986,0.9733,0.9992,0.8742,0.2114,0.7667
6,6,0.303,0.897,0.6706,0.7356,0.9988,0.9098,0.999,0.5072,0.8028,0.8797
6,7,0.4789,0.8205,0.5932,0.7235,1,0.8973,1,0.8418,0.8487,0.8964
6,8,0.4076,0.8522,0.4586,0.7402,0.9973,0.9695,0.999,0.7646,0.5578,0.8626
6,9,0.2858,0.924,0.9208,0.1481,0.9996,0.9575,1,0.5745,0.7955,0.9167
6,10,0.4021,0.8533,0.5788,0.7278,0.98,0.9719,0.9995,0.8641,0.3117,0.8952
6,MEAN,0.3374,0.8866,0.585,0.662,0.9968,0.9047,0.9995,0.694,0.6585,0.8844
7,1,0.3616,0.8712,0.546,0.6667,0.9992,0.5776,0.9997,0.8641,0.8954,0.9021
7,2,0.3371,0.8877,0.9113,0.6631,1,0.9525,1,0.7488,0.6757,0.897
7,3,0.4026,0.8598,0.0454,0.7205,0.9992,0.832,0.9981,0.7224,0.8842,0.8895
7,4,0.3639,0.8999,0.9492,0.6924,1,0.9402,1,0.0889,0.7323,0.9182
7,5,0.1619,0.9511,0.0904,0.7114,0.999,0.9577,0.9986,0.8503,0.1985,0.7719
7,6,0.3172,0.8913,0.6489,0.7102,0.9993,0.8906,0.9996,0.4712,0.8537,0.8826
7,7,0.5165,0.8136,0.5809,0.71,1,0.8811,1,0.8229,0.8892,0.8876
7,8,0.4376,0.837,0.4046,0.7249,0.9985,0.9536,0.999,0.7449,0.5325,0.8576
7,9,0.3202,0.9161,0.8978,0.0606,0.9996,0.9403,0.9855,0.5536,0.8321,0.9107
7,10,0.4408,0.8286,0.5269,0.7087,0.9899,0.9562,0.9997,0.8418,0.2935,0.895
7,MEAN,0.3659,0.8756,0.5601,0.6368,0.9985,0.8882,0.998,0.6709,0.6787,0.8812
8,1,1.1389,0.5822,0.3225,0.1053,0.9251,0.1266,0.9563,0.5821,0.146,0.0419
8,2,1.8223,0.5986,0.6154,0.303,0.9292,0.7687,0.9368,0.443,0.2024,0.0573
8,3,1.7737,0.5806,0.0101,0.3043,0.9199,0.3719,0.9616,0.4728,0.1316,0.0545
8,4,2.5862,0.5067,0.3254,0.3412,0.927,0.7374,0.9713,0.0214,0.113,0.0613
8,5,0.7795,0.7844,0.026,0.1244,0.9138,0.7986,0.9701,0.5608,0,0.0064
8,6,1.5982,0.6674,0.1623,0.2978,0.9152,0.5595,0.9728,0.2802,0.157,0.0514
8,7,2.0393,0.4,0.2784,0.3365,0.8958,0.464,0.5197,0.5398,0.1398,0.0593
8,8,1.8815,0.5665,0.1288,0.3146,0.9098,0.7809,0.9713,0.4987,0,0.0568
8,9,2.2321,0.5138,0.3656,0.0132,0.9101,0.6924,0.7901,0.2152,0.1258,0.0562
8,10,1.601,0.5425,0.2538,0.3234,0.913,0.7806,0.9647,0.5795,0.1143,0.0463
8,MEAN,1.7453,0.5743,0.2488,0.2464,0.9159,0.6081,0.9015,0.4194,0.113,0.0491
9,1,0.1337,0.9713,0.8445,0.8939,0.9992,0.892,0.999,0.979,0.9592,0.9516
9,2,0.149,0.9546,0.9762,0.8839,1,0.9658,1,0.9451,0.6806,0.9604
9,3,0.1502,0.9612,0.1943,0.9222,0.9995,0.9472,0.9996,0.9412,0.9418,0.9243
9,4,0.168,0.9653,0.9788,0.8803,0.996,0.9635,0.9993,0.3882,0.7945,0.9732
9,5,0.0614,0.9845,0.3524,0.9308,0.9993,0.9674,0.9992,0.972,0.1566,0.8189
9,6,0.1318,0.9648,0.8831,0.919,0.9995,0.9526,0.9992,0.8452,0.9199,0.9224
9,7,0.2001,0.9511,0.8658,0.9111,1,0.9677,1,0.9687,0.9506,0.9451
9,8,0.1556,0.9503,0.8165,0.9179,0.9985,0.9651,0.999,0.9471,0.5,0.8979
9,9,0.1531,0.9642,0.9775,0.12,0.9996,0.9678,1,0.8921,0.8746,0.9684
9,10,0.137,0.9557,0.8708,0.9035,0.98,0.9686,0.9997,0.9721,0.3105,0.9312
9,MEAN,0.144,0.9623,0.776,0.8283,0.9972,0.9558,0.9995,0.8851,0.7088,0.9294
10,1,0.1614,0.9556,0.7557,0.8923,0.9992,0.9636,0.999,0.9569,0.9675,0.936
10,2,0.1495,0.9519,0.9654,0.8739,1,0.9679,1,0.945,0.7018,0.9563
10,3,0.1594,0.9562,0.1114,0.9343,0.9995,0.9714,0.9996,0.9415,0.9537,0.8808
10,4,0.1524,0.9672,0.9775,0.8975,0.996,0.96,0.9993,0.4583,0.7849,0.9712
10,5,0.069,0.9784,0.2209,0.9371,0.9992,0.9637,0.9996,0.9541,0.1421,0.7162
10,6,0.1307,0.966,0.8333,0.93,0.9993,0.9594,0.9995,0.8995,0.9281,0.8775
10,7,0.2259,0.9347,0.779,0.9145,1,0.9739,1,0.9517,0.9556,0.9224
10,8,0.1701,0.9446,0.6796,0.9354,0.9989,0.9642,0.9992,0.9458,0.4974,0.856
10,9,0.1411,0.9645,0.9679,0.0851,0.9996,0.9696,1,0.8761,0.8817,0.9706
10,10,0.1692,0.9367,0.7653,0.9312,0.98,0.9666,0.9997,0.9555,0.313,0.9155
10,MEAN,0.1529,0.9556,0.7056,0.8331,0.9972,0.966,0.9996,0.8884,0.7126,0.9002
11,1,0.3233,0.8808,0.5647,0.6538,0.9996,0.6243,0.9997,0.8738,0.9079,0.8571
11,2,0.34,0.8837,0.9247,0.6351,1,0.9652,1,0.7307,0.6733,0.8584
11,3,0.4251,0.853,0.0477,0.6844,0.9996,0.8843,0.9992,0.7125,0.9107,0.8526
11,4,0.3955,0.878,0.9584,0.6613,1,0.9558,1,0.0687,0.741,0.8865
11,5,0.1361,0.9546,0.1035,0.6517,0.9994,0.9701,0.9992,0.8563,0.1912,0.7387
11,6,0.3479,0.882,0.668,0.6625,0.9995,0.9199,0.9998,0.4481,0.877,0.8498
11,7,0.4993,0.8235,0.6046,0.6881,1,0.9137,1,0.8276,0.9075,0.8635
11,8,0.4602,0.8337,0.4311,0.6861,0.9992,0.9657,0.9995,0.7413,0.5283,0.8397
11,9,0.2997,0.9053,0.9341,0.0667,0.9996,0.9562,0.9855,0.4691,0.8386,0.8726
11,10,0.4233,0.8373,0.5546,0.6733,0.9899,0.9673,0.9997,0.85,0.2902,0.8726
11,MEAN,0.365,0.8732,0.5791,0.6063,0.9987,0.9122,0.9983,0.6578,0.6866,0.8492
12,1,0.2531,0.9191,0.6278,0.8305,0.9996,0.907,0.9993,0.9095,0.9611,0.9388
12,2,0.1968,0.924,0.9421,0.8289,1,0.9666,1,0.8342,0.6884,0.935
12,3,0.2282,0.9187,0.0653,0.8722,0.9997,0.9486,0.9998,0.8381,0.9439,0.8942
12,4,0.1832,0.9429,0.9762,0.864,1,0.9642,0.9997,0.1572,0.7967,0.9508
12,5,0.0952,0.9672,0.1355,0.8647,0.9998,0.9672,0.9998,0.9045,0.1595,0.7692
12,6,0.1699,0.9397,0.7658,0.8621,1,0.9545,0.9996,0.6617,0.9236,0.8895
12,7,0.3352,0.8858,0.6615,0.8546,1,0.9677,1,0.8856,0.9506,0.9174
12,8,0.2509,0.8991,0.5136,0.8731,0.9992,0.9647,0.9995,0.846,0.4946,0.8677
12,9,0.1675,0.9472,0.9599,0.16,1,0.9693,1,0.6651,0.8797,0.9402
12,10,0.2883,0.8847,0.6253,0.8652,0.9901,0.9683,0.9997,0.898,0.3105,0.907
12,MEAN,0.2168,0.9228,0.6273,0.7875,0.9988,0.9578,0.9998,0.76,0.7109,0.901
13,1,1.16,0.6247,0.3349,0,0.9449,0.1333,0.9756,0.6391,0.22,0
13,2,2.1243,0.5874,0.6022,0.0081,0.9196,0.7436,0.9573,0.4907,0.2135,0.0052
13,3,2.1114,0.5699,0.0099,0.0099,0.9337,0.3922,0.9424,0.4897,0.2309,0.0085
13,4,3.0869,0.4928,0.3002,0.0175,0.9407,0.7073,0.995,0.0261,0.1176,0.0097
13,5,0.797,0.8122,0.0269,0.0059,0.9299,0.7673,0.9701,0.6329,0.1154,0
13,6,1.9237,0.6576,0.1523,0.0147,0.931,0.5557,0.9868,0.2829,0.179,0.0026
13,7,2.3397,0.404,0.2761,0.0099,0.9044,0.4692,0.4748,0.5775,0.2147,0.0073
13,8,2.2614,0.5485,0.1275,0.01,0.9253,0.7501,0.9827,0.5207,0.1463,0.007
13,9,2.5939,0.5075,0.3356,0,0.9223,0.675,0.4892,0.2577,0.2263,0.0063
13,10,1.7641,0.5549,0.2623,0.0171,0.8764,0.7473,0.9856,0.6231,0.0417,0.0063
13,MEAN,2.0162,0.576,0.2428,0.0093,0.9228,0.5941,0.876,0.454,0.1705,0.0053
14,1,0.2692,0.8886,0.5923,0.6337,0.9996,0.5993,0.9992,0.9021,0.8601,0.8182
14,2,0.3083,0.8837,0.936,0.7128,1,0.963,1,0.7371,0.6464,0.8189
14,3,0.3547,0.8702,0.0583,0.7507,0.9995,0.866,0.9996,0.7567,0.8598,0.8084
14,4,0.3816,0.8641,0.9683,0.7432,1,0.9518,0.9994,0.0623,0.7296,0.8527
14,5,0.1126,0.9623,0.1229,0.7319,0.9992,0.968,0.9993,0.89,0.2097,0.72
14,6,0.2965,0.8917,0.6923,0.7382,0.9995,0.9086,0.9994,0.5023,0.8111,0.804
14,7,0.4275,0.828,0.6223,0.7388,1,0.9026,1,0.8526,0.8615,0.8279
14,8,0.3802,0.8582,0.493,0.7573,0.9992,0.9627,0.9995,0.7825,0.5638,0.7982
14,9,0.3008,0.8916,0.9136,0.1905,0.9996,0.9528,1,0.4444,0.7993,0.8497
14,10,0.3456,0.8648,0.6122,0.7495,0.9899,0.9652,1,0.8791,0.2987,0.846
14,MEAN,0.3177,0.8803,0.6011,0.6747,0.9987,0.904,0.9996,0.6809,0.664,0.8144
15,1,0.9353,0.6869,0.3914,0.0588,0.9908,0.1599,0.9788,0.7335,0.2402,0.2703
15,2,1.3562,0.653,0.6808,0.0496,0.9832,0.7947,0.9605,0.5428,0.1455,0.2449
15,3,1.4586,0.649,0.015,0.0874,0.9886,0.4164,0.9606,0.5205,0.2341,0.266
15,4,1.807,0.5702,0.4009,0.1087,0.9919,0.7781,0.9965,0.0296,0.1771,0.2816
15,5,0.5034,0.8873,0.0364,0.1255,0.9877,0.8333,0.9815,0.7168,0.1754,0.3077
15,6,1.283,0.7079,0.2218,0.0784,0.9864,0.5985,0.991,0.2812,0.2135,0.2764
15,7,1.7091,0.4914,0.3482,0.0984,0.9808,0.5231,0.4889,0.657,0.2277,0.2584
15,8,1.5116,0.6195,0.1804,0.0773,0.9861,0.8097,0.988,0.5515,0.2273,0.2683
15,9,1.559,0.6164,0.4268,0,0.9879,0.7424,0.6018,0.2647,0.2282,0.283
15,10,1.2031,0.638,0.3257,0.0871,0.9583,0.8154,0.9869,0.7006,0,0.2417
15,MEAN,1.3326,0.652,0.3027,0.0771,0.9842,0.6472,0.8934,0.4998,0.1869,0.2698
16,1,0.1264,0.9736,0.8564,0.9173,0.9996,0.8846,0.9995,0.9818,0.9583,0.9685
16,2,0.1166,0.9626,0.9767,0.9083,1,0.967,1,0.9732,0.6923,0.9733
16,3,0.1138,0.9752,0.2105,0.9592,0.9995,0.9528,0.9996,0.9732,0.9461,0.9338
16,4,0.1146,0.9798,0.9794,0.9305,1,0.9615,0.9994,0.8103,0.7869,0.9864
16,5,0.0491,0.9874,0.3978,0.9713,0.9992,0.9672,0.9997,0.9811,0.1605,0.864
16,6,0.0959,0.9768,0.8901,0.9541,0.9995,0.9506,0.9996,0.9521,0.9183,0.9261
16,7,0.1757,0.9604,0.8794,0.9393,1,0.9695,1,0.9804,0.9521,0.9495
16,8,0.119,0.9657,0.8361,0.9557,0.9992,0.9647,0.9997,0.9736,0.4973,0.9131
16,9,0.1131,0.973,0.9775,0.0952,0.9996,0.9683,1,0.9839,0.876,0.9841
16,10,0.1179,0.967,0.8944,0.9513,0.9899,0.9686,1,0.983,0.3119,0.9422
16,MEAN,0.1142,0.9722,0.7898,0.8582,0.9987,0.9555,0.9998,0.9593,0.71,0.9441
17,1,0.3109,0.8906,0.5616,0.7568,0.9996,0.796,0.9997,0.8741,0.947,0.9068
17,2,0.2831,0.8962,0.9213,0.7429,1,0.9563,1,0.7615,0.6728,0.9025
17,3,0.3243,0.8795,0.0497,0.7786,0.9996,0.9195,0.9996,0.7478,0.9355,0.8959
17,4,0.2953,0.9112,0.9641,0.7708,1,0.9535,0.9999,0.0903,0.7775,0.923
17,5,0.1145,0.9558,0.1007,0.7692,0.9995,0.9607,0.9995,0.8637,0.1677,0.7966
17,6,0.2468,0.9101,0.7098,0.7682,0.9998,0.9378,0.9996,0.5187,0.9156,0.8814
17,7,0.4391,0.8426,0.6,0.7626,1,0.9435,1,0.8356,0.939,0.8997
17,8,0.3629,0.8516,0.4349,0.7651,0.9992,0.9556,0.9995,0.7623,0.5114,0.8728
17,9,0.2489,0.9258,0.9204,0.1481,0.9996,0.9584,0.9855,0.5513,0.8744,0.9126
17,10,0.3887,0.8416,0.5501,0.7502,0.98,0.961,0.9995,0.854,0.3062,0.8941
17,MEAN,0.3014,0.8905,0.5813,0.7013,0.9977,0.9342,0.9983,0.6859,0.7047,0.8885
18,1,1.2081,0.6472,0.3594,0,0.9971,0.1165,0.9811,0.6975,0.013,0.0308
18,2,2.014,0.5973,0.6138,0.0252,1,0.728,0.9645,0.5311,0.0148,0.0077
18,3,2.0143,0.623,0.0111,0.022,0.9967,0.3521,0.9807,0.522,0.0028,0.0267
18,4,2.7787,0.4971,0.3105,0.0346,1,0.6901,0.9968,0.0317,0,0.0209
18,5,0.7012,0.8772,0.0291,0.0308,0.9962,0.7557,0.9936,0.6921,0.0833,0
18,6,1.835,0.6842,0.164,0.0211,0.9979,0.523,0.9967,0.2954,0.005,0.0208
18,7,2.3766,0.4212,0.2968,0.0306,0.9929,0.4365,0.5077,0.6308,0.0168,0.029
18,8,2.1519,0.5801,0.1394,0.0212,0.9943,0.7357,0.9933,0.5486,0,0.0104
18,9,2.4018,0.5386,0.3361,0,0.9973,0.6457,0.764,0.2794,0.0211,0.0187
18,10,1.6649,0.5888,0.2828,0.0236,0.9796,0.7362,0.9874,0.6734,0,0.0095
18,MEAN,1.9147,0.6055,0.2543,0.0209,0.9952,0.572,0.9166,0.4902,0.0157,0.0175
19,1,0.1662,0.9478,0.7502,0.875,0.9996,0.7751,0.9998,0.9545,0.9415,0.9558
19,2,0.1355,0.9481,0.9671,0.9022,1,0.9651,1,0.9185,0.6604,0.9553
19,3,0.137,0.9538,0.1119,0.9362,0.9995,0.9244,0.9994,0.9192,0.9301,0.9245
19,4,0.1275,0.9604,0.9807,0.9068,1,0.9612,0.9999,0.2902,0.7749,0.9648
19,5,0.0578,0.9809,0.2442,0.9379,0.9992,0.9693,0.9993,0.9554,0.1699,0.8571
19,6,0.1056,0.9619,0.8629,0.9228,0.9995,0.9381,0.9995,0.8214,0.9006,0.9163
19,7,0.2177,0.9268,0.7854,0.9111,1,0.9494,1,0.944,0.9354,0.9328
19,8,0.1422,0.9411,0.6746,0.9293,0.9992,0.9686,0.9995,0.9204,0.5116,0.903
19,9,0.1299,0.9588,0.9693,0.1176,0.9996,0.9666,0.9855,0.8022,0.8663,0.9626
19,10,0.1588,0.9359,0.7707,0.9213,0.9899,0.9702,0.9997,0.9506,0.301,0.929
19,MEAN,0.1378,0.9515,0.7117,0.836,0.9987,0.9388,0.9983,0.8476,0.6992,0.9301
20,1,0.1476,0.9566,0.7654,0.896,0.9996,0.9333,0.9995,0.9585,0.9643,0.9306
20,2,0.1425,0.9449,0.9675,0.8964,1,0.9675,1,0.9064,0.6962,0.9401
20,3,0.1429,0.9502,0.1165,0.9214,0.9996,0.9585,0.9998,0.914,0.9491,0.8998
20,4,0.1501,0.9534,0.9775,0.9125,1,0.9628,0.9994,0.2206,0.7935,0.9561
20,5,0.0565,0.9796,0.2357,0.9192,0.9994,0.9669,0.9998,0.9543,0.1605,0.7519
20,6,0.1175,0.9568,0.85,0.9102,0.9995,0.9565,0.9996,0.79,0.9263,0.8794
20,7,0.2089,0.9307,0.7933,0.8978,1,0.9721,1,0.9431,0.9541,0.9168
20,8,0.1533,0.9384,0.6995,0.9197,0.9992,0.9647,0.9997,0.9226,0.4973,0.8741
20,9,0.1389,0.9514,0.9679,0.1429,0.9996,0.9702,1,0.7087,0.8838,0.9454
20,10,0.1546,0.9352,0.7757,0.9169,0.9899,0.9685,1,0.9509,0.3182,0.9131
20,MEAN,0.1413,0.9497,0.7149,0.8333,0.9987,0.9621,0.9998,0.8269,0.7143,0.9007
21,1,0.3025,0.8894,0.5669,0.8205,0.9996,0.7191,0.9998,0.8774,0.9319,0.9068
21,2,0.2588,0.9027,0.9262,0.788,1,0.9606,1,0.7759,0.6688,0.9025
21,3,0.2915,0.8941,0.0512,0.8356,0.9996,0.8927,0.9996,0.7795,0.9222,0.8884
21,4,0.2534,0.9174,0.9691,0.8212,1,0.9572,1,0.1019,0.7723,0.9226
21,5,0.1084,0.9587,0.1047,0.8206,0.9994,0.9653,0.9992,0.8723,0.1757,0.768
21,6,0.2184,0.9226,0.7343,0.8245,0.9995,0.9242,0.9998,0.5788,0.8917,0.8753
21,7,0.411,0.849,0.6073,0.8169,1,0.9333,1,0.8467,0.9277,0.8973
21,8,0.3249,0.8741,0.4473,0.8377,0.9992,0.9609,0.9995,0.7963,0.5176,0.8634
21,9,0.2222,0.926,0.9303,0.1481,0.9996,0.9578,0.9855,0.5556,0.8562,0.9139
21,10,0.3627,0.8525,0.5582,0.8244,0.9899,0.9654,0.9997,0.8631,0.2985,0.8965
21,MEAN,0.2754,0.8986,0.5896,0.7537,0.9987,0.9236,0.9983,0.7047,0.6963,0.8835
22,1,0.1418,0.9572,0.7723,0.916,0.9996,0.8733,0.9993,0.9619,0.9567,0.9685
22,2,0.1155,0.9572,0.9691,0.8998,1,0.9662,1,0.9582,0.6826,0.9693
22,3,0.114,0.9666,0.1228,0.9592,0.9996,0.9458,0.9998,0.9502,0.9423,0.9363
22,4,0.1057,0.9791,0.9781,0.9303,1,0.9636,0.9994,0.6923,0.7934,0.9863
22,5,0.0484,0.9821,0.2467,0.9618,0.9994,0.9674,0.9998,0.9614,0.1625,0.8372
22,6,0.0911,0.9746,0.8521,0.9524,0.9995,0.9496,0.9996,0.9245,0.917,0.9302
22,7,0.1882,0.9403,0.7946,0.9346,1,0.967,1,0.9566,0.9501,0.943
22,8,0.1225,0.9546,0.7006,0.9546,0.9992,0.9655,0.9995,0.9513,0.5027,0.911
22,9,0.1064,0.9712,0.9706,0.1053,0.9996,0.9683,1,0.9457,0.876,0.9829
22,10,0.1342,0.9449,0.7824,0.9553,0.9899,0.9691,1,0.9601,0.3148,0.9503
22,MEAN,0.1168,0.9628,0.7189,0.8569,0.9987,0.9536,0.9998,0.9262,0.7098,0.9415
23,1,0.2167,0.9152,0.6445,0.8103,1,0.6985,0.9998,0.9158,0.9275,0.9068
23,2,0.2413,0.9118,0.946,0.7646,1,0.9621,1,0.808,0.6709,0.9041
23,3,0.2614,0.9022,0.0675,0.8203,0.9998,0.8779,1,0.8029,0.9182,0.9081
23,4,0.281,0.9134,0.9672,0.7856,1,0.9542,0.9999,0.1074,0.7652,0.9227
23,5,0.0797,0.9672,0.1404,0.8148,0.9998,0.9674,0.9998,0.9028,0.1781,0.8624
23,6,0.2235,0.9186,0.7623,0.7982,1,0.9107,0.9999,0.5752,0.8846,0.8921
23,7,0.3338,0.871,0.6771,0.8012,1,0.9296,1,0.8789,0.9235,0.9028
23,8,0.2824,0.884,0.5279,0.8123,0.9996,0.9578,0.9995,0.8196,0.5176,0.8939
23,9,0.2342,0.9276,0.9378,0.16,1,0.9589,1,0.5648,0.8537,0.914
23,10,0.2575,0.8859,0.6488,0.7982,1,0.9665,1,0.9003,0.2985,0.9052
23,MEAN,0.2412,0.9097,0.632,0.7365,0.9999,0.9184,0.9999,0.7276,0.6938,0.9012
24,1,0.0989,0.9825,0.9286,0.9385,0.9996,0.81,0.9997,0.9955,0.9474,0.9766
24,2,0.0974,0.9698,0.9865,0.9376,1,0.9659,1,0.9907,0.6728,0.9818
24,3,0.0801,0.9856,0.4068,0.9759,0.9996,0.9335,0.9998,0.9911,0.9355,0.9579
24,4,0.0944,0.9829,0.9827,0.9465,1,0.9611,0.9999,0.875,0.7775,0.9893
24,5,0.0337,0.9918,0.7327,0.9784,0.9993,0.9685,0.9997,0.9941,0.1667,0.9076
24,6,0.0726,0.9829,0.9315,0.9716,0.9995,0.9429,0.9996,0.972,0.9075,0.955
24,7,0.1397,0.9691,0.9377,0.9531,1,0.9536,1,0.9932,0.939,0.962
24,8,0.0799,0.9786,0.9439,0.972,0.9992,0.9677,0.9997,0.9886,0.5114,0.9456
24,9,0.1005,0.975,0.9816,0.1176,0.9996,0.9675,1,0.9904,0.871,0.9877
24,10,0.0754,0.982,0.9702,0.9691,0.9899,0.9699,1,0.9947,0.3062,0.9672
24,MEAN,0.0873,0.98,0.8802,0.876,0.9987,0.9441,0.9998,0.9785,0.7035,0.9631
25,1,0.2219,0.9231,0.6763,0.8403,0.9996,0.6806,0.9997,0.928,0.9218,0.9068
25,2,0.204,0.9219,0.9516,0.8409,1,0.9687,1,0.826,0.6752,0.9101
25,3,0.2106,0.9231,0.0773,0.8852,0.9996,0.899,0.9992,0.8428,0.9143,0.9119
25,4,0.2152,0.924,0.9768,0.8581,1,0.9595,1,0.1229,0.7602,0.9256
25,5,0.0729,0.973,0.1686,0.8831,0.9994,0.9717,0.9992,0.9229,0.1806,0.8704
25,6,0.1687,0.9375,0.8057,0.8717,0.9995,0.9246,0.9998,0.6516,0.8782,0.8931
25,7,0.3063,0.8898,0.7101,0.8695,1,0.933,1,0.9001,0.9209,0.9091
25,8,0.2244,0.9116,0.5675,0.8888,0.9992,0.9707,0.9995,0.8569,0.5269,0.901
25,9,0.1954,0.9303,0.9559,0.2069,0.9996,0.963,0.9855,0.5805,0.8497,0.9144
25,10,0.2371,0.9021,0.6759,0.8752,0.9899,0.9713,0.9997,0.9147,0.3,0.9077
25,MEAN,0.2056,0.9236,0.6566,0.802,0.9987,0.9242,0.9983,0.7546,0.6928,0.905
