dataset,file,class_columns_used,epsilon_target,epsilon_spent,dp_noise_multiplier,n_rounds,best_macro_f1,best_round,best_accuracy,final_macro_f1,final_round,final_accuracy,final_loss,krum_detected_byzantine_final,krum_score_ratio_final,duplicate_epsilon_flag
application,results_application_gaussian_dp0p2.csv,"Normal,SQL_injection,Uploading,Backdoor,Port_Scanning,XSS,Password,Fingerprinting",0.2,0.1951,6.0547,25,0.262955,23,0.469381,0.246241,25,0.371913,1.670863,1.0,1741818.0323,
application,results_application_gaussian_dp0p3.csv,"Normal,SQL_injection,Uploading,Backdoor,Port_Scanning,XSS,Password,Fingerprinting",0.3,0.2948,4.1797,25,0.372926,22,0.516201,0.336638,25,0.482057,1.41061,1.0,1748883.0379,
application,results_application_gaussian_dp0p4.csv,"Normal,SQL_injection,Uploading,Backdoor,Port_Scanning,XSS,Password,Fingerprinting",0.4,0.3962,3.2422,25,0.400337,19,0.635788,0.238248,25,0.302924,2.536537,1.0,1752181.8836,
application,results_application_gaussian_dp0_5.csv,"Normal,SQL_injection,Uploading,Backdoor,Port_Scanning,XSS,Password,Fingerprinting",0.5,0.4949,2.6953,25,0.417261,25,0.656961,0.417261,25,0.656961,1.056797,1.0,1735184.3966,
application,results_application_gaussian_dp1.csv,"Normal,SQL_injection,Uploading,Backdoor,Port_Scanning,XSS,Password,Fingerprinting",1.0,0.9949,1.5985,25,0.464026,23,0.680513,0.447505,25,0.615718,1.240415,1.0,1747757.423,
application,results_application_gaussian_dp2.csv,"Normal,SQL_injection,Uploading,Backdoor,Port_Scanning,XSS,Password,Fingerprinting",2.0,1.9944,1.0933,25,0.539752,25,0.715871,0.539752,25,0.715871,0.827211,1.0,1757475.0448,
application,results_application_gaussian_dp3.csv,"Normal,SQL_injection,Uploading,Backdoor,Port_Scanning,XSS,Password,Fingerprinting",3.0,2.9931,0.9183,25,0.529067,19,0.747554,0.509523,25,0.722046,0.812015,1.0,1763514.9459,
application,results_application_gaussian_dp4.csv,"Normal,SQL_injection,Uploading,Backdoor,Port_Scanning,XSS,Password,Fingerprinting",4.0,3.9948,0.8192,25,0.56025,25,0.734348,0.56025,25,0.734348,0.761403,1.0,1768028.1886,
application,results_application_gaussian_dp5.csv,"Normal,SQL_injection,Uploading,Backdoor,Port_Scanning,XSS,Password,Fingerprinting",5.0,4.995,0.7526,25,0.624818,25,0.789306,0.624818,25,0.789306,0.582778,1.0,1758899.3287,
application,results_application_gaussian_dp6.csv,"Normal,SQL_injection,Uploading,Backdoor,Port_Scanning,XSS,Password,Fingerprinting",6.0,5.9954,0.7033,25,0.574057,23,0.744579,0.556631,25,0.697421,0.839487,1.0,1771206.9142,
application,results_application_gaussian_dp7.csv,"Normal,SQL_injection,Uploading,Backdoor,Port_Scanning,XSS,Password,Fingerprinting",7.0,6.9935,0.6647,25,0.593832,24,0.736883,0.577859,25,0.695217,0.840612,1.0,1764920.8122,
application,results_application_gaussian_dp8.csv,"Normal,SQL_injection,Uploading,Backdoor,Port_Scanning,XSS,Password,Fingerprinting",8.0,7.9959,0.6333,25,0.615774,25,0.754154,0.615774,25,0.754154,0.723305,1.0,1767636.8136,
application,results_application_gaussian_dp09.csv,"Normal,SQL_injection,Uploading,Backdoor,Port_Scanning,XSS,Password,Fingerprinting",9.0,8.9962,0.607,25,0.670818,24,0.820769,0.650878,25,0.817155,0.526012,1.0,1778933.5979,
application,results_application_gaussian_dp10.csv,"Normal,SQL_injection,Uploading,Backdoor,Port_Scanning,XSS,Password,Fingerprinting",10.0,9.996,0.5846,25,0.632986,25,0.7951,0.632986,25,0.7951,0.551536,1.0,1764669.3636,
application,results_application_gaussian_dp11.csv,"Normal,SQL_injection,Uploading,Backdoor,Port_Scanning,XSS,Password,Fingerprinting",11.0,10.9951,0.5652,25,0.637876,23,0.795445,0.576176,25,0.735515,0.787735,1.0,1776808.4449,
application,results_application_gaussian_dp12.csv,"Normal,SQL_injection,Uploading,Backdoor,Port_Scanning,XSS,Password,Fingerprinting",12.0,11.9945,0.548,25,0.60793,25,0.753944,0.60793,25,0.753944,0.695284,1.0,1762738.1303,
application,results_application_gaussian_dp13.csv,"Normal,SQL_injection,Uploading,Backdoor,Port_Scanning,XSS,Password,Fingerprinting",13.0,12.9937,0.5326,25,0.636567,23,0.799466,0.557876,25,0.731726,0.80649,1.0,1787315.8837,
application,results_application_gaussian_dp14.csv,"Normal,SQL_injection,Uploading,Backdoor,Port_Scanning,XSS,Password,Fingerprinting",14.0,13.9948,0.5185,25,0.637779,25,0.791167,0.637779,25,0.791167,0.627234,1.0,1787966.0207,
application,results_application_gaussian_dp15.csv,"Normal,SQL_injection,Uploading,Backdoor,Port_Scanning,XSS,Password,Fingerprinting",15.0,14.994,0.5063,25,0.613214,25,0.777205,0.613214,25,0.777205,0.624041,1.0,1782162.0555,
network,results_network_gaussian_dp0p2.csv,"Normal,DDoS_UDP,DDoS_ICMP,Ransomware,DDoS_HTTP,DDoS_TCP,Vulnerability_scanner,MITM",0.2,0.1953,5.1758,25,0.617537,22,0.86362,0.60399,25,0.841485,0.469816,1.0,3252753.9326,
network,results_network_gaussian_dp0p3.csv,"Normal,DDoS_UDP,DDoS_ICMP,Ransomware,DDoS_HTTP,DDoS_TCP,Vulnerability_scanner,MITM",0.3,0.2962,3.5693,25,0.604039,24,0.854546,0.569184,25,0.834176,0.480338,1.0,3253023.3898,
network,results_network_gaussian_dp0p4.csv,"Normal,DDoS_UDP,DDoS_ICMP,Ransomware,DDoS_HTTP,DDoS_TCP,Vulnerability_scanner,MITM",0.4,0.3956,2.7979,25,0.664342,23,0.885699,0.650727,25,0.870133,0.362646,1.0,3245194.7323,
network,results_network_gaussian_dp0_5.csv,"Normal,DDoS_UDP,DDoS_ICMP,Ransomware,DDoS_HTTP,DDoS_TCP,Vulnerability_scanner,MITM",0.5,0.4942,2.3413,25,0.630872,25,0.865763,0.630872,25,0.865763,0.401741,1.0,3259537.6903,
network,results_network_gaussian_dp1.csv,"Normal,DDoS_UDP,DDoS_ICMP,Ransomware,DDoS_HTTP,DDoS_TCP,Vulnerability_scanner,MITM",1.0,0.9964,1.438,25,0.705489,25,0.889305,0.705489,25,0.889305,0.323214,1.0,3252405.5323,
network,results_network_gaussian_dp2.csv,"Normal,DDoS_UDP,DDoS_ICMP,Ransomware,DDoS_HTTP,DDoS_TCP,Vulnerability_scanner,MITM",2.0,1.9948,1.0129,25,0.751436,23,0.914057,0.742743,25,0.911165,0.241779,1.0,3261431.6397,
network,results_network_gaussian_dp3.csv,"Normal,DDoS_UDP,DDoS_ICMP,Ransomware,DDoS_HTTP,DDoS_TCP,Vulnerability_scanner,MITM",3.0,2.9954,0.8592,25,0.728502,23,0.898598,0.719834,25,0.905564,0.262579,1.0,3263639.3524,
network,results_network_gaussian_dp4.csv,"Normal,DDoS_UDP,DDoS_ICMP,Ransomware,DDoS_HTTP,DDoS_TCP,Vulnerability_scanner,MITM",4.0,3.9962,0.7711,25,0.738103,21,0.911264,0.640147,25,0.845903,0.465051,1.0,3263208.9027,
network,results_network_gaussian_dp5.csv,"Normal,DDoS_UDP,DDoS_ICMP,Ransomware,DDoS_HTTP,DDoS_TCP,Vulnerability_scanner,MITM",5.0,4.9958,0.7112,25,0.737225,22,0.906578,0.702345,25,0.893052,0.292828,1.0,3275343.8876,
network,results_network_gaussian_dp6.csv,"Normal,DDoS_UDP,DDoS_ICMP,Ransomware,DDoS_HTTP,DDoS_TCP,Vulnerability_scanner,MITM",6.0,5.9982,0.6666,25,0.686754,24,0.873181,0.608125,25,0.821037,0.461023,1.0,3262950.0824,
network,results_network_gaussian_dp7.csv,"Normal,DDoS_UDP,DDoS_ICMP,Ransomware,DDoS_HTTP,DDoS_TCP,Vulnerability_scanner,MITM",7.0,6.9968,0.6316,25,0.768555,23,0.925631,0.737448,25,0.90794,0.280579,1.0,3278665.8206,
network,results_network_gaussian_dp08.csv,"Normal,DDoS_UDP,DDoS_ICMP,Ransomware,DDoS_HTTP,DDoS_TCP,Vulnerability_scanner,MITM",8.0,7.998,0.603,25,0.787292,23,0.941396,0.763376,25,0.918801,0.232437,1.0,3284249.8178,
network,results_network_gaussian_dp09.csv,"Normal,DDoS_UDP,DDoS_ICMP,Ransomware,DDoS_HTTP,DDoS_TCP,Vulnerability_scanner,MITM",9.0,8.9975,0.5789,25,0.780477,23,0.932812,0.776832,25,0.929744,0.192231,1.0,3279020.1677,
network,results_network_gaussian_dp10.csv,"Normal,DDoS_UDP,DDoS_ICMP,Ransomware,DDoS_HTTP,DDoS_TCP,Vulnerability_scanner,MITM",10.0,9.9964,0.5584,25,0.753472,25,0.90803,0.753472,25,0.90803,0.246993,1.0,3266951.8124,
network,results_network_gaussian_dp11.csv,"Normal,DDoS_UDP,DDoS_ICMP,Ransomware,DDoS_HTTP,DDoS_TCP,Vulnerability_scanner,MITM",11.0,10.9981,0.5404,25,0.81981,25,0.952871,0.81981,25,0.952871,0.15275,1.0,3268689.9063,
network,results_network_gaussian_dp12.csv,"Normal,DDoS_UDP,DDoS_ICMP,Ransomware,DDoS_HTTP,DDoS_TCP,Vulnerability_scanner,MITM",12.0,11.9977,0.5246,25,0.798242,24,0.941759,0.78644,25,0.929646,0.190587,1.0,3271057.2186,
network,results_network_gaussian_dp13.csv,"Normal,DDoS_UDP,DDoS_ICMP,Ransomware,DDoS_HTTP,DDoS_TCP,Vulnerability_scanner,MITM",13.0,12.9989,0.5105,25,0.776589,24,0.935709,0.7667,25,0.933175,0.205787,1.0,3268833.703,
network,results_network_gaussian_dp14.csv,"Normal,DDoS_UDP,DDoS_ICMP,Ransomware,DDoS_HTTP,DDoS_TCP,Vulnerability_scanner,MITM",14.0,13.9993,0.4977,25,0.776759,22,0.937172,0.759973,25,0.928865,0.183721,1.0,3296896.622,
network,results_network_gaussian_dp15.csv,"Normal,DDoS_UDP,DDoS_ICMP,Ransomware,DDoS_HTTP,DDoS_TCP,Vulnerability_scanner,MITM",15.0,14.9995,0.4862,25,0.778298,25,0.923759,0.778298,25,0.923759,0.188318,1.0,3297997.1472,
