path,model,tag,epsilon,best_accuracy,final_accuracy,last_n_acc_std,krum_detection_rate,krum_rounds_full_detection,krum_score_ratio_mean,krum_score_ratio_std,krum_score_ratio_trend_slope,krum_score_ratio_pct_change_total,dp_calibration_mean_pct_error,dp_calibration_max_pct_error,last_round_drop_metric,last_round_f1_drop_from_prior,last_round_instability_flag,rare_class_trajectories
C:\Users\Zarawar Khan\09-edge-iot-security-monitoring\RESULTS AND MANIFESTS\sweep_Head_SIgn_Flip_results\results_application_dp01.csv,application,dp01,1.0,0.65925,0.586183,0.03527185510006527,1.0,True,101.930036,6.660968766245644,0.8924542307692275,26.614526307181386,0.5099999999999993,0.5099999999999993,accuracy,0.073067,True,"{'Fingerprinting': {'final_value': 0.0, 'max_value': 0.0, 'wake_round': None, 'rounds_at_zero': 25}, 'SQL_injection': {'final_value': 0.286296, 'max_value': 0.664504, 'wake_round': 1, 'rounds_at_zero': 0}, 'Uploading': {'final_value': 0.257817, 'max_value': 0.293175, 'wake_round': 4, 'rounds_at_zero': 3}, 'XSS': {'final_value': 0.161023, 'max_value': 0.229349, 'wake_round': 7, 'rounds_at_zero': 6}}"
C:\Users\Zarawar Khan\09-edge-iot-security-monitoring\RESULTS AND MANIFESTS\sweep_Head_SIgn_Flip_results\results_application_dp02.csv,application,dp02,2.0,0.715418,0.715418,0.04443454940133861,1.0,True,102.07238000000001,7.004578104592262,0.9276481538461521,28.809684159629757,0.28000000000000247,0.28000000000000247,accuracy,-0.03755900000000001,False,"{'Fingerprinting': {'final_value': 0.505618, 'max_value': 0.505618, 'wake_round': 20, 'rounds_at_zero': 19}, 'SQL_injection': {'final_value': 0.756432, 'max_value': 0.756432, 'wake_round': 1, 'rounds_at_zero': 0}, 'Uploading': {'final_value': 0.269469, 'max_value': 0.344148, 'wake_round': 3, 'rounds_at_zero': 2}, 'XSS': {'final_value': 0.259272, 'max_value': 0.260494, 'wake_round': 6, 'rounds_at_zero': 5}}"
C:\Users\Zarawar Khan\09-edge-iot-security-monitoring\RESULTS AND MANIFESTS\sweep_Head_SIgn_Flip_results\results_application_dp03.csv,application,dp03,3.0,0.702324,0.631478,0.047535758915788824,1.0,True,102.95803199999999,7.31154180803201,0.9704833846153814,30.21710020752902,0.22999999999999687,0.22999999999999687,accuracy,0.026424000000000003,False,"{'Fingerprinting': {'final_value': 0.542396, 'max_value': 0.542396, 'wake_round': 20, 'rounds_at_zero': 19}, 'SQL_injection': {'final_value': 0.67264, 'max_value': 0.697498, 'wake_round': 1, 'rounds_at_zero': 0}, 'Uploading': {'final_value': 0.28304, 'max_value': 0.326503, 'wake_round': 3, 'rounds_at_zero': 2}, 'XSS': {'final_value': 0.260494, 'max_value': 0.261416, 'wake_round': 7, 'rounds_at_zero': 6}}"
C:\Users\Zarawar Khan\09-edge-iot-security-monitoring\RESULTS AND MANIFESTS\sweep_Head_SIgn_Flip_results\results_application_dp04.csv,application,dp04,4.0,0.734217,0.718392,0.07504751335520721,1.0,True,103.42675600000001,7.276395486553308,0.9541857692307678,31.886404517301493,0.12999999999999678,0.12999999999999678,accuracy,-0.15616800000000008,False,"{'Fingerprinting': {'final_value': 0.398717, 'max_value': 0.398717, 'wake_round': 21, 'rounds_at_zero': 20}, 'SQL_injection': {'final_value': 0.747398, 'max_value': 0.747398, 'wake_round': 1, 'rounds_at_zero': 0}, 'Uploading': {'final_value': 0.347071, 'max_value': 0.357156, 'wake_round': 3, 'rounds_at_zero': 2}, 'XSS': {'final_value': 0.258497, 'max_value': 0.261233, 'wake_round': 5, 'rounds_at_zero': 4}}"
C:\Users\Zarawar Khan\09-edge-iot-security-monitoring\RESULTS AND MANIFESTS\sweep_Head_SIgn_Flip_results\results_application_dp05.csv,application,dp05,5.0,0.767483,0.767483,0.017163029665533996,1.0,True,103.793904,7.689942941621868,1.0043957692307661,32.840403416836786,0.09999999999999788,0.09999999999999788,accuracy,-0.0017660000000000453,False,"{'Fingerprinting': {'final_value': 0.566614, 'max_value': 0.566614, 'wake_round': 18, 'rounds_at_zero': 17}, 'SQL_injection': {'final_value': 0.789419, 'max_value': 0.796192, 'wake_round': 1, 'rounds_at_zero': 0}, 'Uploading': {'final_value': 0.456165, 'max_value': 0.468655, 'wake_round': 2, 'rounds_at_zero': 1}, 'XSS': {'final_value': 0.269685, 'max_value': 0.282317, 'wake_round': 6, 'rounds_at_zero': 5}}"
C:\Users\Zarawar Khan\09-edge-iot-security-monitoring\RESULTS AND MANIFESTS\sweep_Head_SIgn_Flip_results\results_application_dp06.csv,application,dp06,6.0,0.709693,0.63063,0.09893448121206275,1.0,True,103.30307599999998,7.534226102719509,0.9896919230769208,31.131874690589754,0.07666666666666563,0.07666666666666563,accuracy,0.079063,True,"{'Fingerprinting': {'final_value': 0.599872, 'max_value': 0.599872, 'wake_round': 14, 'rounds_at_zero': 13}, 'SQL_injection': {'final_value': 0.273964, 'max_value': 0.651329, 'wake_round': 1, 'rounds_at_zero': 0}, 'Uploading': {'final_value': 0.298329, 'max_value': 0.347438, 'wake_round': 3, 'rounds_at_zero': 2}, 'XSS': {'final_value': 0.260353, 'max_value': 0.260494, 'wake_round': 4, 'rounds_at_zero': 3}}"
C:\Users\Zarawar Khan\09-edge-iot-security-monitoring\RESULTS AND MANIFESTS\sweep_Head_SIgn_Flip_results\results_application_dp07.csv,application,dp07,7.0,0.745401,0.538604,0.08536469755583981,1.0,True,103.69914,7.7928313980970145,1.004943846153844,34.73608969169074,0.09285714285714215,0.09285714285714215,accuracy,0.16202300000000003,True,"{'Fingerprinting': {'final_value': 0.554768, 'max_value': 0.565441, 'wake_round': 16, 'rounds_at_zero': 15}, 'SQL_injection': {'final_value': 0.311034, 'max_value': 0.693945, 'wake_round': 1, 'rounds_at_zero': 0}, 'Uploading': {'final_value': 0.287108, 'max_value': 0.377933, 'wake_round': 3, 'rounds_at_zero': 2}, 'XSS': {'final_value': 0.260494, 'max_value': 0.260494, 'wake_round': 4, 'rounds_at_zero': 3}}"
C:\Users\Zarawar Khan\09-edge-iot-security-monitoring\RESULTS AND MANIFESTS\sweep_Head_SIgn_Flip_results\results_application_dp08.csv,application,dp08,8.0,0.789231,0.775785,0.03193784766073003,1.0,True,104.145256,7.844259621908239,1.0236708461538435,33.75121069547956,0.05125000000000268,0.05125000000000268,accuracy,0.013446000000000069,False,"{'Fingerprinting': {'final_value': 0.605421, 'max_value': 0.606681, 'wake_round': 15, 'rounds_at_zero': 14}, 'SQL_injection': {'final_value': 0.762006, 'max_value': 0.77573, 'wake_round': 1, 'rounds_at_zero': 0}, 'Uploading': {'final_value': 0.427846, 'max_value': 0.447605, 'wake_round': 3, 'rounds_at_zero': 2}, 'XSS': {'final_value': 0.30607, 'max_value': 0.311138, 'wake_round': 4, 'rounds_at_zero': 3}}"
C:\Users\Zarawar Khan\09-edge-iot-security-monitoring\RESULTS AND MANIFESTS\sweep_Head_SIgn_Flip_results\results_application_dp09.csv,application,dp09,9.0,0.763291,0.763291,0.014550710584023034,1.0,True,104.26595199999998,7.864433391866194,1.0164347692307671,34.50204319769536,0.042222222222222515,0.04222222222222251,accuracy,-0.015649000000000024,False,"{'Fingerprinting': {'final_value': 0.620071, 'max_value': 0.620071, 'wake_round': 17, 'rounds_at_zero': 16}, 'SQL_injection': {'final_value': 0.784668, 'max_value': 0.784668, 'wake_round': 1, 'rounds_at_zero': 0}, 'Uploading': {'final_value': 0.41881, 'max_value': 0.424143, 'wake_round': 3, 'rounds_at_zero': 2}, 'XSS': {'final_value': 0.260353, 'max_value': 0.260494, 'wake_round': 5, 'rounds_at_zero': 4}}"
C:\Users\Zarawar Khan\09-edge-iot-security-monitoring\RESULTS AND MANIFESTS\sweep_Head_SIgn_Flip_results\results_application_dp0p5.csv,application,dp0p5,0.5,0.675248,0.675248,0.029200689740141395,1.0,True,100.78611599999998,6.123010786416001,0.8199682307692289,23.967995026591417,1.0199999999999987,1.0199999999999987,accuracy,-0.07959399999999994,False,"{'Fingerprinting': {'final_value': 0.0, 'max_value': 0.0, 'wake_round': None, 'rounds_at_zero': 25}, 'SQL_injection': {'final_value': 0.644358, 'max_value': 0.648441, 'wake_round': 1, 'rounds_at_zero': 0}, 'Uploading': {'final_value': 0.177129, 'max_value': 0.220821, 'wake_round': 4, 'rounds_at_zero': 3}, 'XSS': {'final_value': 0.242935, 'max_value': 0.242935, 'wake_round': 10, 'rounds_at_zero': 9}}"
C:\Users\Zarawar Khan\09-edge-iot-security-monitoring\RESULTS AND MANIFESTS\sweep_Head_SIgn_Flip_results\results_application_dp10.csv,application,dp10,10.0,0.743887,0.703793,0.027668202245538107,1.0,True,104.56107600000001,7.987443502214376,1.0379693846153817,36.53973038975569,0.039999999999995595,0.039999999999995595,accuracy,-0.04645600000000005,False,"{'Fingerprinting': {'final_value': 0.586504, 'max_value': 0.586504, 'wake_round': 16, 'rounds_at_zero': 15}, 'SQL_injection': {'final_value': 0.672069, 'max_value': 0.733823, 'wake_round': 1, 'rounds_at_zero': 0}, 'Uploading': {'final_value': 0.393143, 'max_value': 0.406725, 'wake_round': 2, 'rounds_at_zero': 1}, 'XSS': {'final_value': 0.258951, 'max_value': 0.260216, 'wake_round': 5, 'rounds_at_zero': 4}}"
C:\Users\Zarawar Khan\09-edge-iot-security-monitoring\RESULTS AND MANIFESTS\sweep_Head_SIgn_Flip_results\results_application_dp11.csv,application,dp11,11.0,0.732032,0.724336,0.02872929972693382,1.0,True,105.31466400000001,8.16778564574879,1.0596993076923056,36.91323940609592,0.04454545454544762,0.04454545454544762,accuracy,-0.008599999999999941,False,"{'Fingerprinting': {'final_value': 0.596155, 'max_value': 0.596155, 'wake_round': 13, 'rounds_at_zero': 13}, 'SQL_injection': {'final_value': 0.588353, 'max_value': 0.71682, 'wake_round': 1, 'rounds_at_zero': 0}, 'Uploading': {'final_value': 0.389044, 'max_value': 0.396176, 'wake_round': 3, 'rounds_at_zero': 2}, 'XSS': {'final_value': 0.259935, 'max_value': 0.260494, 'wake_round': 4, 'rounds_at_zero': 3}}"
C:\Users\Zarawar Khan\09-edge-iot-security-monitoring\RESULTS AND MANIFESTS\sweep_Head_SIgn_Flip_results\results_application_dp12.csv,application,dp12,12.0,0.802602,0.758485,0.06781273016772,1.0,True,105.85098800000002,8.484189985364937,1.1018536923076891,37.620334373118176,0.04583333333333013,0.04583333333333013,accuracy,0.04411700000000007,True,"{'Fingerprinting': {'final_value': 0.649086, 'max_value': 0.649086, 'wake_round': 11, 'rounds_at_zero': 10}, 'SQL_injection': {'final_value': 0.791667, 'max_value': 0.791667, 'wake_round': 1, 'rounds_at_zero': 0}, 'Uploading': {'final_value': 0.371902, 'max_value': 0.444998, 'wake_round': 3, 'rounds_at_zero': 2}, 'XSS': {'final_value': 0.233883, 'max_value': 0.278192, 'wake_round': 3, 'rounds_at_zero': 2}}"
C:\Users\Zarawar Khan\09-edge-iot-security-monitoring\RESULTS AND MANIFESTS\sweep_Head_SIgn_Flip_results\results_application_dp13.csv,application,dp13,13.0,0.774808,0.7252,0.03532087169082897,1.0,True,104.55777599999999,7.864146970920199,1.0059813846153816,36.860434730965686,0.04846153846153484,0.04846153846153484,accuracy,0.04507800000000006,True,"{'Fingerprinting': {'final_value': 0.664772, 'max_value': 0.664772, 'wake_round': 14, 'rounds_at_zero': 13}, 'SQL_injection': {'final_value': 0.738332, 'max_value': 0.805255, 'wake_round': 1, 'rounds_at_zero': 0}, 'Uploading': {'final_value': 0.401214, 'max_value': 0.473745, 'wake_round': 3, 'rounds_at_zero': 2}, 'XSS': {'final_value': 0.260494, 'max_value': 0.261345, 'wake_round': 5, 'rounds_at_zero': 4}}"
C:\Users\Zarawar Khan\09-edge-iot-security-monitoring\RESULTS AND MANIFESTS\sweep_Head_SIgn_Flip_results\results_application_dp14.csv,application,dp14,14.0,0.812471,0.810801,0.02092838020965789,1.0,True,105.577108,8.240681767554188,1.0565540769230761,38.91196978674045,0.0371428571428594,0.0371428571428594,accuracy,-0.04805599999999999,False,"{'Fingerprinting': {'final_value': 0.614738, 'max_value': 0.614962, 'wake_round': 12, 'rounds_at_zero': 11}, 'SQL_injection': {'final_value': 0.804007, 'max_value': 0.804007, 'wake_round': 1, 'rounds_at_zero': 0}, 'Uploading': {'final_value': 0.487127, 'max_value': 0.487127, 'wake_round': 2, 'rounds_at_zero': 1}, 'XSS': {'final_value': 0.352262, 'max_value': 0.430855, 'wake_round': 3, 'rounds_at_zero': 2}}"
C:\Users\Zarawar Khan\09-edge-iot-security-monitoring\RESULTS AND MANIFESTS\sweep_Head_SIgn_Flip_results\results_application_dp15.csv,application,dp15,15.0,0.811432,0.811432,0.013357117290044303,1.0,True,106.243252,8.10964047359273,1.0492980769230758,35.38447984865626,0.04000000000000152,0.040000000000001514,accuracy,-0.005570000000000075,False,"{'Fingerprinting': {'final_value': 0.616562, 'max_value': 0.616562, 'wake_round': 13, 'rounds_at_zero': 12}, 'SQL_injection': {'final_value': 0.79595, 'max_value': 0.812538, 'wake_round': 1, 'rounds_at_zero': 0}, 'Uploading': {'final_value': 0.464248, 'max_value': 0.504842, 'wake_round': 2, 'rounds_at_zero': 1}, 'XSS': {'final_value': 0.294475, 'max_value': 0.294475, 'wake_round': 3, 'rounds_at_zero': 2}}"
C:\Users\Zarawar Khan\09-edge-iot-security-monitoring\RESULTS AND MANIFESTS\sweep_Head_SIgn_Flip_results\results_network_dp01.csv,network,dp01,1.0,0.869233,0.869111,0.005429239338986631,1.0,True,308.428408,37.407005128762535,5.042729846153839,60.70582776719865,0.36000000000000476,0.36000000000000476,accuracy,-0.011521000000000003,False,"{'MITM': {'final_value': 0.407506, 'max_value': 0.407506, 'wake_round': 13, 'rounds_at_zero': 12}}"
C:\Users\Zarawar Khan\09-edge-iot-security-monitoring\RESULTS AND MANIFESTS\sweep_Head_SIgn_Flip_results\results_network_dp02.csv,network,dp02,2.0,0.906789,0.906789,0.01371615743202153,1.0,True,311.92949999999996,38.57420510044028,5.1756877692307635,64.63486766660542,0.26000000000000467,0.26000000000000467,accuracy,-0.005316999999999905,False,"{'MITM': {'final_value': 0.417234, 'max_value': 0.432005, 'wake_round': 10, 'rounds_at_zero': 9}}"
C:\Users\Zarawar Khan\09-edge-iot-security-monitoring\RESULTS AND MANIFESTS\sweep_Head_SIgn_Flip_results\results_network_dp03.csv,network,dp03,3.0,0.892906,0.882131,0.038027161875427935,1.0,True,313.162392,39.66340706157797,5.303748461538458,69.9047263728109,0.15333333333333127,0.15333333333333127,accuracy,-0.07586700000000002,False,"{'MITM': {'final_value': 0.40264, 'max_value': 0.446038, 'wake_round': 8, 'rounds_at_zero': 7}}"
C:\Users\Zarawar Khan\09-edge-iot-security-monitoring\RESULTS AND MANIFESTS\sweep_Head_SIgn_Flip_results\results_network_dp04.csv,network,dp04,4.0,0.935894,0.934023,0.01593255119244874,1.0,True,312.77398,39.88165862844515,5.339658384615378,70.55833227902593,0.09500000000000064,0.09500000000000064,accuracy,-0.032882999999999996,False,"{'MITM': {'final_value': 0.354784, 'max_value': 0.389546, 'wake_round': 11, 'rounds_at_zero': 10}}"
C:\Users\Zarawar Khan\09-edge-iot-security-monitoring\RESULTS AND MANIFESTS\sweep_Head_SIgn_Flip_results\results_network_dp05.csv,network,dp05,5.0,0.928036,0.919781,0.00726590314413839,1.0,True,311.862976,38.16571036468556,5.088074615384608,68.85478701763363,0.08399999999999963,0.08399999999999963,accuracy,-0.00019099999999994122,False,"{'MITM': {'final_value': 0.44088, 'max_value': 0.457908, 'wake_round': 8, 'rounds_at_zero': 7}}"
C:\Users\Zarawar Khan\09-edge-iot-security-monitoring\RESULTS AND MANIFESTS\sweep_Head_SIgn_Flip_results\results_network_dp06.csv,network,dp06,6.0,0.919007,0.909486,0.010991957773754396,1.0,True,314.264312,39.263102752131466,5.238954769230761,69.90436378717763,0.0300000000000041,0.030000000000004096,accuracy,0.009521000000000002,False,"{'MITM': {'final_value': 0.298079, 'max_value': 0.458299, 'wake_round': 7, 'rounds_at_zero': 6}}"
C:\Users\Zarawar Khan\09-edge-iot-security-monitoring\RESULTS AND MANIFESTS\sweep_Head_SIgn_Flip_results\results_network_dp07.csv,network,dp07,7.0,0.934711,0.934711,0.014377747156630608,1.0,True,314.465736,39.86003405728892,5.325265538461534,71.88849722310127,0.04571428571428068,0.04571428571428068,accuracy,-0.012009999999999965,False,"{'MITM': {'final_value': 0.428828, 'max_value': 0.428828, 'wake_round': 16, 'rounds_at_zero': 15}}"
C:\Users\Zarawar Khan\09-edge-iot-security-monitoring\RESULTS AND MANIFESTS\sweep_Head_SIgn_Flip_results\results_network_dp08.csv,network,dp08,8.0,0.925576,0.925576,0.0026422568951560976,1.0,True,314.649332,40.085046624569785,5.359121384615382,70.09900809319268,0.024999999999997247,0.024999999999997247,accuracy,-8.999999999992347e-05,False,"{'MITM': {'final_value': 0.431048, 'max_value': 0.466283, 'wake_round': 6, 'rounds_at_zero': 5}}"
C:\Users\Zarawar Khan\09-edge-iot-security-monitoring\RESULTS AND MANIFESTS\sweep_Head_SIgn_Flip_results\results_network_dp09.csv,network,dp09,9.0,0.936147,0.91,0.019059358496549647,1.0,True,316.480844,40.240701269196755,5.361260692307688,72.7054350619859,0.027777777777772253,0.027777777777772253,accuracy,0.02614699999999992,False,"{'MITM': {'final_value': 0.403506, 'max_value': 0.427821, 'wake_round': 6, 'rounds_at_zero': 5}}"
C:\Users\Zarawar Khan\09-edge-iot-security-monitoring\RESULTS AND MANIFESTS\sweep_Head_SIgn_Flip_results\results_network_dp0p5.csv,network,dp0p5,0.5,0.882643,0.882643,0.011472290887176783,1.0,True,307.134184,36.563508122565324,4.939412846153843,56.949824600445254,1.1600000000000055,1.1600000000000055,accuracy,-0.020589999999999997,False,"{'MITM': {'final_value': 0.0, 'max_value': 0.0, 'wake_round': None, 'rounds_at_zero': 25}}"
C:\Users\Zarawar Khan\09-edge-iot-security-monitoring\RESULTS AND MANIFESTS\sweep_Head_SIgn_Flip_results\results_network_dp10.csv,network,dp10,10.0,0.935968,0.919621,0.011388943199436898,1.0,True,313.53329199999996,40.07658042744457,5.3433926923076855,73.20606172388113,0.03600000000000492,0.03600000000000492,accuracy,0.016347,False,"{'MITM': {'final_value': 0.391775, 'max_value': 0.427597, 'wake_round': 7, 'rounds_at_zero': 6}}"
C:\Users\Zarawar Khan\09-edge-iot-security-monitoring\RESULTS AND MANIFESTS\sweep_Head_SIgn_Flip_results\results_network_dp11.csv,network,dp11,11.0,0.93045,0.93045,0.01431681726851328,1.0,True,316.77084399999995,39.81431007922989,5.29317846153846,72.62162980412324,0.017272727272719314,0.017272727272719314,accuracy,-0.020428,False,"{'MITM': {'final_value': 0.271345, 'max_value': 0.277289, 'wake_round': 9, 'rounds_at_zero': 8}}"
C:\Users\Zarawar Khan\09-edge-iot-security-monitoring\RESULTS AND MANIFESTS\sweep_Head_SIgn_Flip_results\results_network_dp12.csv,network,dp12,12.0,0.91918,0.903025,0.010590552856201597,1.0,True,313.190204,39.90508650446373,5.304718615384614,74.62542438159532,0.01916666666666641,0.01916666666666641,accuracy,0.004410000000000025,False,"{'MITM': {'final_value': 0.310147, 'max_value': 0.430577, 'wake_round': 5, 'rounds_at_zero': 4}}"
C:\Users\Zarawar Khan\09-edge-iot-security-monitoring\RESULTS AND MANIFESTS\sweep_Head_SIgn_Flip_results\results_network_dp13.csv,network,dp13,13.0,0.952681,0.952681,0.00987958148405082,1.0,True,316.045048,41.63033583294078,5.526399615384613,79.2866443903548,0.008461538461532405,0.008461538461532405,accuracy,-0.021711000000000036,False,"{'MITM': {'final_value': 0.452636, 'max_value': 0.455993, 'wake_round': 6, 'rounds_at_zero': 5}}"
C:\Users\Zarawar Khan\09-edge-iot-security-monitoring\RESULTS AND MANIFESTS\sweep_Head_SIgn_Flip_results\results_network_dp14.csv,network,dp14,14.0,0.947575,0.947575,0.021620512810754482,1.0,True,316.73399200000006,40.09240167860072,5.312244615384612,76.0296238118914,0.005000000000001036,0.005000000000001036,accuracy,-0.00011899999999998023,False,"{'MITM': {'final_value': 0.447016, 'max_value': 0.471337, 'wake_round': 6, 'rounds_at_zero': 5}}"
C:\Users\Zarawar Khan\09-edge-iot-security-monitoring\RESULTS AND MANIFESTS\sweep_Head_SIgn_Flip_results\results_network_dp15.csv,network,dp15,15.0,0.943644,0.942828,0.021024403099731536,1.0,True,316.903568,41.116745530670755,5.4644825384615325,76.42467507081714,0.0033333333333374075,0.0033333333333374075,accuracy,0.0008160000000000389,False,"{'MITM': {'final_value': 0.451257, 'max_value': 0.462301, 'wake_round': 7, 'rounds_at_zero': 6}}"
