round,client,loss,accuracy,Normal,DDoS_UDP,DDoS_ICMP,Ransomware,DDoS_HTTP,DDoS_TCP,Vulnerability_scanner,MITM,zkp_rejected,krum_selected,krum_detected_byzantine,dp_epsilon_spent,round_time_s
1,1,1.780463,0.423594,0.000000,0.000000,0.000000,0.000000,0.000000,0.595105,0.000000,0.000000,0,0,1,N/A,0.00
1,2,2.226170,0.147953,0.000000,0.000000,0.000000,0.000000,0.000000,0.257768,0.000000,0.000000,0,0,1,N/A,0.00
1,3,1.937319,0.205530,0.000000,0.000000,0.000000,0.000000,0.000000,0.340978,0.000000,0.000000,0,1,0,N/A,0.00
1,4,2.246334,0.004843,0.000000,0.000000,0.000000,0.000000,0.000000,0.009640,0.000000,0.000000,0,0,0,N/A,0.00
1,5,1.936869,0.143508,0.000000,0.000000,0.000000,0.000000,0.000000,0.250995,0.000000,0.000000,0,1,0,N/A,0.00
1,6,2.024838,0.050662,0.000000,0.000000,0.000000,0.000000,0.000000,0.096439,0.000000,0.000000,0,1,0,N/A,0.00
1,7,1.879164,0.423964,0.000000,0.000000,0.000000,0.000000,0.000000,0.595470,0.000000,0.000000,0,1,0,N/A,0.00
1,8,1.828901,0.264403,0.000000,0.000000,0.000000,0.000000,0.000000,0.418226,0.000000,0.000000,0,1,0,N/A,0.00
1,9,2.331289,0.035530,0.000000,0.000000,0.000000,0.000000,0.000000,0.068621,0.000000,0.000000,0,0,0,N/A,0.00
1,10,1.618796,0.532397,0.000000,0.000000,0.000000,0.000000,0.000000,0.694855,0.000000,0.000000,0,1,0,N/A,0.00
1,MEAN,1.981014,0.223238,0.000000,0.000000,0.000000,0.000000,0.000000,0.332810,0.000000,0.000000,0,6,1.0000,14.9983,338.69
2,1,1.640347,0.439306,0.000000,0.000000,0.398546,0.185950,0.065253,0.761441,0.000000,0.000000,0,0,1,N/A,0.00
2,2,2.137129,0.201773,0.000000,0.000000,0.258547,0.394879,0.036649,0.287211,0.000000,0.000000,0,0,1,N/A,0.00
2,3,1.243923,0.530138,0.000000,0.000000,0.812328,0.335175,0.059542,0.586096,0.000000,0.000000,0,1,0,N/A,0.00
2,4,1.930724,0.055451,0.000000,0.000000,0.064234,0.405941,0.084044,0.013383,0.000000,0.000000,0,0,0,N/A,0.00
2,5,0.920505,0.592743,0.000000,0.000000,0.752667,0.431621,0.087609,0.707619,0.000000,0.000000,0,1,0,N/A,0.00
2,6,1.438270,0.280576,0.000000,0.000000,0.497316,0.389049,0.084948,0.268775,0.000000,0.000000,0,1,0,N/A,0.00
2,7,1.971232,0.388906,0.000000,0.000000,0.393321,0.343103,0.004310,0.636600,0.000000,0.000000,0,0,0,N/A,0.00
2,8,1.483717,0.385235,0.000000,0.000000,0.547268,0.428392,0.069216,0.577630,0.000000,0.000000,0,1,0,N/A,0.00
2,9,1.666561,0.380931,0.000000,0.000000,0.909537,0.393563,0.003683,0.114106,0.000000,0.000000,0,1,0,N/A,0.00
2,10,1.597346,0.454499,0.000000,0.000000,0.043029,0.442180,0.046596,0.706114,0.000000,0.000000,0,1,0,N/A,0.00
2,MEAN,1.602975,0.370956,0.000000,0.000000,0.467679,0.374985,0.054185,0.465897,0.000000,0.000000,0,6,1.0000,14.9983,339.72
3,1,1.014365,0.766832,0.000000,0.000000,0.912945,0.147740,0.977010,0.900270,0.000000,0.000000,0,0,1,N/A,0.00
3,2,1.849957,0.463698,0.000000,0.000000,0.828767,0.827800,0.981298,0.372554,0.000000,0.000000,0,0,1,N/A,0.00
3,3,0.757417,0.707003,0.000000,0.000000,0.987532,0.437158,0.974280,0.619781,0.000000,0.000000,0,1,0,N/A,0.00
3,4,1.574978,0.418899,0.000000,0.000000,0.593824,0.782609,0.977015,0.017456,0.000000,0.000000,0,0,0,N/A,0.00
3,5,0.394698,0.942907,0.000000,0.000000,0.984132,0.888643,0.975579,0.871367,0.000000,0.000000,0,1,0,N/A,0.00
3,6,0.825749,0.680267,0.000000,0.000000,0.954535,0.635368,0.975460,0.277910,0.000000,0.000000,0,1,0,N/A,0.00
3,7,1.465143,0.555781,0.000000,0.000000,0.872428,0.525517,0.876712,0.747508,0.000000,0.000000,0,1,0,N/A,0.00
3,8,0.870316,0.689202,0.000000,0.000000,0.962368,0.871355,0.974359,0.642298,0.000000,0.000000,0,1,0,N/A,0.00
3,9,1.505196,0.526647,0.000000,0.000000,0.994251,0.792768,0.956522,0.146114,0.000000,0.000000,0,0,0,N/A,0.00
3,10,0.970033,0.777094,0.000000,0.000000,0.454545,0.875342,0.976770,0.833846,0.000000,0.000000,0,1,0,N/A,0.00
3,MEAN,1.122785,0.652833,0.000000,0.000000,0.854533,0.678430,0.964500,0.542911,0.000000,0.000000,0,6,1.0000,14.9983,330.47
4,1,0.861471,0.777497,0.000000,0.105882,0.985270,0.164644,0.976495,0.915272,0.000000,0.000000,0,0,1,N/A,0.00
4,2,1.696520,0.496412,0.000000,0.145570,0.979757,0.855637,0.959162,0.403835,0.000000,0.000000,0,0,1,N/A,0.00
4,3,0.598871,0.735210,0.000000,0.223644,0.996972,0.450000,0.981033,0.650230,0.000000,0.000000,0,1,0,N/A,0.00
4,4,1.349337,0.447168,0.000000,0.213362,0.841751,0.751482,0.989972,0.018901,0.000000,0.000000,0,0,0,N/A,0.00
4,5,0.248687,0.962985,0.000000,0.192243,0.994371,0.941610,0.990637,0.914102,0.000000,0.000000,0,1,0,N/A,0.00
4,6,0.632467,0.717780,0.000000,0.206143,0.988164,0.659854,0.991221,0.304474,0.000000,0.000000,0,1,0,N/A,0.00
4,7,1.268531,0.578218,0.000000,0.169713,1.000000,0.561024,0.503817,0.779333,0.000000,0.000000,0,1,0,N/A,0.00
4,8,0.683498,0.731620,0.000000,0.212885,0.985746,0.922026,0.987289,0.678487,0.000000,0.000000,0,1,0,N/A,0.00
4,9,1.281653,0.547335,0.000000,0.000000,0.998844,0.817947,0.785714,0.163117,0.000000,0.000000,0,0,0,N/A,0.00
4,10,0.822359,0.803229,0.000000,0.197333,0.759690,0.923590,0.979251,0.855739,0.000000,0.000000,0,1,0,N/A,0.00
4,MEAN,0.944339,0.679745,0.000000,0.166677,0.953057,0.704781,0.914459,0.568349,0.000000,0.000000,0,6,1.0000,14.9983,320.76
5,1,0.809442,0.779614,0.000000,0.185185,0.924847,0.165975,0.990735,0.919178,0.000000,0.445783,0,0,1,N/A,0.00
5,2,1.326452,0.562474,0.000000,0.200669,0.820339,0.892944,0.986928,0.438486,0.000000,0.503802,0,0,1,N/A,0.00
5,3,0.554136,0.766213,0.000000,0.275966,0.991399,0.484444,0.989149,0.682790,0.000000,0.505426,0,0,0,N/A,0.00
5,4,0.986597,0.580903,0.000000,0.263549,0.714286,0.845349,0.989630,0.024741,0.000000,0.505936,0,0,0,N/A,0.00
5,5,0.204094,0.966809,0.000000,0.259649,0.992002,0.963669,0.989116,0.927905,0.000000,0.302326,0,1,0,N/A,0.00
5,6,0.563270,0.746399,0.000000,0.261844,0.975956,0.694239,0.989967,0.334077,0.000000,0.475073,0,1,0,N/A,0.00
5,7,1.133334,0.615301,0.000000,0.244444,0.826511,0.576057,0.857143,0.805187,0.000000,0.500673,0,1,0,N/A,0.00
5,8,0.610463,0.757316,0.000000,0.246537,0.977003,0.943336,0.986966,0.703048,0.000000,0.471939,0,1,0,N/A,0.00
5,9,0.924945,0.655048,0.000000,0.044444,0.989321,0.848014,0.929577,0.211163,0.000000,0.513623,0,1,0,N/A,0.00
5,10,0.705601,0.824441,0.000000,0.230976,0.537634,0.946035,0.989634,0.870517,0.000000,0.484429,0,1,0,N/A,0.00
5,MEAN,0.781834,0.725452,0.000000,0.221326,0.874930,0.736006,0.969885,0.591709,0.000000,0.470901,0,6,1.0000,14.9983,341.59
6,1,0.895616,0.623382,0.000000,0.060196,0.962005,0.164644,0.974988,0.748776,0.000000,0.126431,0,0,1,N/A,0.00
6,2,1.154723,0.607007,0.000000,0.278114,0.914729,0.892257,0.952183,0.695722,0.000000,0.537808,0,0,1,N/A,0.00
6,3,0.555112,0.785983,0.000000,0.601673,0.986311,0.484621,0.955300,0.725852,0.000000,0.527772,0,1,0,N/A,0.00
6,4,0.619975,0.820105,0.000000,0.508555,0.857143,0.846380,0.991123,0.206186,0.000000,0.839715,0,1,0,N/A,0.00
6,5,0.263458,0.915453,0.000000,0.351617,0.985434,0.956928,0.978318,0.760865,0.000000,0.107551,0,0,0,N/A,0.00
6,6,0.466857,0.831480,0.000000,0.644863,0.981238,0.695394,0.987475,0.638424,0.000000,0.583624,0,1,0,N/A,0.00
6,7,1.154726,0.530539,0.000000,0.377982,0.886022,0.576122,0.425806,0.747042,0.000000,0.450800,0,0,0,N/A,0.00
6,8,0.646948,0.758846,0.000000,0.560160,0.974340,0.939565,0.978985,0.730487,0.000000,0.411933,0,1,0,N/A,0.00
6,9,0.679487,0.786148,0.000000,0.022059,0.983417,0.849696,0.611111,0.660494,0.000000,0.824897,0,1,0,N/A,0.00
6,10,0.866531,0.671831,0.000000,0.296434,0.720588,0.942229,0.978290,0.753580,0.000000,0.312291,0,1,0,N/A,0.00
6,MEAN,0.730343,0.733077,0.000000,0.370165,0.925123,0.734784,0.883358,0.666743,0.000000,0.472282,0,6,1.0000,14.9983,335.85
7,1,0.665006,0.748677,0.000000,0.159011,0.976045,0.165186,0.977354,0.908843,0.000000,0.293371,0,0,1,N/A,0.00
7,2,1.150704,0.640144,0.000000,0.421955,0.960317,0.894070,0.960168,0.611650,0.000000,0.638320,0,0,1,N/A,0.00
7,3,0.421854,0.853019,0.000000,0.687975,0.993864,0.486969,0.975037,0.850885,0.000000,0.688191,0,1,0,N/A,0.00
7,4,0.653395,0.797173,0.000000,0.575238,0.880282,0.846604,0.991949,0.086705,0.000000,0.836591,0,1,0,N/A,0.00
7,5,0.195750,0.963440,0.000000,0.506507,0.992610,0.959648,0.988544,0.934202,0.000000,0.286689,0,0,0,N/A,0.00
7,6,0.408952,0.846370,0.000000,0.681588,0.987884,0.697778,0.991490,0.603917,0.000000,0.680540,0,1,0,N/A,0.00
7,7,0.924635,0.651761,0.000000,0.535599,0.956916,0.577000,0.485294,0.875983,0.000000,0.630197,0,1,0,N/A,0.00
7,8,0.512877,0.844499,0.000000,0.670206,0.981175,0.941884,0.985028,0.852287,0.000000,0.590621,0,1,0,N/A,0.00
7,9,0.701570,0.781426,0.000000,0.031579,0.993464,0.851579,0.750000,0.459588,0.000000,0.833061,0,0,0,N/A,0.00
7,10,0.655275,0.826251,0.000000,0.482143,0.759690,0.943906,0.980919,0.900366,0.000000,0.545549,0,1,0,N/A,0.00
7,MEAN,0.629002,0.795276,0.000000,0.475180,0.948225,0.736462,0.908578,0.708443,0.000000,0.602313,0,6,1.0000,14.9983,330.52
8,1,0.549267,0.780835,0.000000,0.140777,0.970968,0.196825,0.975032,0.918356,0.322866,0.293801,0,0,1,N/A,0.00
8,2,0.947615,0.644576,0.000000,0.379464,0.913208,0.914190,0.958071,0.615977,0.257143,0.637418,0,0,1,N/A,0.00
8,3,0.443454,0.839906,0.000000,0.573424,0.995433,0.544845,0.980252,0.838031,0.308740,0.643511,0,1,0,N/A,0.00
8,4,0.542041,0.799446,0.000000,0.537068,0.809061,0.867310,0.989274,0.077807,0.241071,0.848391,0,1,0,N/A,0.00
8,5,0.199883,0.964214,0.000000,0.454865,0.993868,0.963943,0.990548,0.936835,0.125000,0.277108,0,0,0,N/A,0.00
8,6,0.417155,0.834767,0.000000,0.576533,0.985883,0.735084,0.990861,0.589157,0.323353,0.642964,0,1,0,N/A,0.00
8,7,0.790632,0.679339,0.000000,0.483965,0.913793,0.630901,0.488889,0.879605,0.288401,0.624741,0,1,0,N/A,0.00
8,8,0.552497,0.820944,0.000000,0.556614,0.982443,0.944039,0.985733,0.847656,0.103093,0.538968,0,0,0,N/A,0.00
8,9,0.550804,0.798291,0.000000,0.022727,0.991584,0.858537,0.785714,0.456086,0.227920,0.849840,0,1,0,N/A,0.00
8,10,0.621096,0.827047,0.000000,0.423804,0.705036,0.955829,0.978185,0.907229,0.110092,0.523529,0,1,0,N/A,0.00
8,MEAN,0.561444,0.798937,0.000000,0.414924,0.926128,0.761150,0.912256,0.706674,0.230768,0.588027,0,6,1.0000,14.9983,39379.39
9,1,0.593868,0.758854,0.000000,0.187234,0.980440,0.169492,0.978352,0.920941,0.000000,0.314371,0,0,1,N/A,0.00
9,2,0.913641,0.653651,0.000000,0.500935,0.930769,0.905949,0.958246,0.627623,0.000000,0.641885,0,0,1,N/A,0.00
9,3,0.385484,0.867249,0.000000,0.730573,0.995917,0.490706,0.979432,0.865946,0.000000,0.724106,0,0,0,N/A,0.00
9,4,0.580819,0.809232,0.000000,0.637549,0.889680,0.866551,0.992652,0.088496,0.000000,0.846704,0,1,0,N/A,0.00
9,5,0.139923,0.971681,0.000000,0.584807,0.994978,0.976792,0.992040,0.943329,0.000000,0.366667,0,1,0,N/A,0.00
9,6,0.371487,0.860195,0.000000,0.737102,0.989993,0.705882,0.992445,0.634715,0.000000,0.708643,0,1,0,N/A,0.00
9,7,0.828383,0.669056,0.000000,0.606723,0.921397,0.587774,0.481752,0.888376,0.000000,0.660106,0,1,0,N/A,0.00
9,8,0.423788,0.863261,0.000000,0.720198,0.985704,0.954869,0.987348,0.870054,0.000000,0.620509,0,1,0,N/A,0.00
9,9,0.610966,0.789521,0.000000,0.029630,0.991577,0.859837,0.767442,0.463224,0.000000,0.837058,0,0,0,N/A,0.00
9,10,0.500191,0.843553,0.000000,0.545633,0.790323,0.958753,0.981760,0.911031,0.000000,0.571742,0,1,0,N/A,0.00
9,MEAN,0.534855,0.808625,0.000000,0.528038,0.947078,0.747660,0.911147,0.721373,0.000000,0.629179,0,6,1.0000,14.9983,355.78
10,1,0.571081,0.762517,0.007576,0.173913,0.976461,0.178765,0.977504,0.917893,0.095829,0.313146,0,0,1,N/A,0.00
10,2,0.837506,0.656606,0.000000,0.494424,0.927203,0.913379,0.959248,0.632886,0.119205,0.645791,0,0,1,N/A,0.00
10,3,0.378884,0.864810,0.000000,0.713339,0.995425,0.504587,0.979592,0.868027,0.089592,0.708097,0,1,0,N/A,0.00
10,4,0.500530,0.812692,0.002667,0.623016,0.868056,0.872216,0.991951,0.092340,0.059172,0.851765,0,1,0,N/A,0.00
10,5,0.153091,0.969769,0.000000,0.554985,0.994364,0.976172,0.991503,0.942630,0.000000,0.348837,0,0,0,N/A,0.00
10,6,0.347581,0.857682,0.000000,0.715056,0.988383,0.712472,0.991960,0.646746,0.081731,0.692475,0,1,0,N/A,0.00
10,7,0.785805,0.675444,0.004141,0.584795,0.905579,0.603072,0.500000,0.889961,0.097431,0.660280,0,0,0,N/A,0.00
10,8,0.437211,0.856225,0.000000,0.697372,0.983076,0.955378,0.986570,0.871644,0.000000,0.599628,0,1,0,N/A,0.00
10,9,0.537665,0.795368,0.000000,0.039216,0.990432,0.862711,0.767442,0.486842,0.094595,0.845968,0,1,0,N/A,0.00
10,10,0.528840,0.838124,0.002012,0.514014,0.742424,0.963507,0.980919,0.909275,0.067797,0.565916,0,1,0,N/A,0.00
10,MEAN,0.507819,0.808924,0.001640,0.511013,0.937140,0.754226,0.912669,0.725824,0.070535,0.623190,0,6,1.0000,14.9983,339.84
11,1,0.519839,0.788977,0.540422,0.184019,0.982041,0.188679,0.978159,0.917260,0.158094,0.535354,0,0,1,N/A,0.00
11,2,0.674751,0.769101,0.619130,0.493617,0.956522,0.924267,0.961257,0.686880,0.217143,0.782555,0,0,1,N/A,0.00
11,3,0.416536,0.848292,0.089636,0.660620,0.996058,0.515879,0.980885,0.857314,0.145408,0.678795,0,0,0,N/A,0.00
11,4,0.454434,0.848374,0.592469,0.607976,0.899281,0.891101,0.993061,0.104116,0.120879,0.880692,0,1,0,N/A,0.00
11,5,0.146573,0.968312,0.244681,0.545872,0.995030,0.984741,0.992190,0.932741,0.000000,0.366534,0,0,0,N/A,0.00
11,6,0.371477,0.856328,0.513514,0.658518,0.990685,0.731928,0.993282,0.660576,0.173516,0.680149,0,1,0,N/A,0.00
11,7,0.729577,0.701309,0.541618,0.560976,0.933921,0.616754,0.507692,0.887708,0.152659,0.730800,0,1,0,N/A,0.00
11,8,0.460499,0.850311,0.461240,0.649884,0.986817,0.963521,0.988369,0.866654,0.000000,0.598027,0,1,0,N/A,0.00
11,9,0.446922,0.839892,0.589319,0.048193,0.994242,0.872368,0.785714,0.531136,0.130719,0.887500,0,1,0,N/A,0.00
11,10,0.483104,0.859263,0.541329,0.493312,0.765625,0.971674,0.982004,0.910237,0.115942,0.670013,0,1,0,N/A,0.00
11,MEAN,0.470371,0.833016,0.473336,0.490299,0.950022,0.766091,0.916261,0.735462,0.121436,0.681042,0,6,1.0000,14.9983,313.85
12,1,0.448703,0.827567,0.424901,0.169329,0.985258,0.251994,0.978985,0.912926,0.560842,0.712803,0,0,1,N/A,0.00
12,2,0.837275,0.711904,0.395251,0.472934,0.941634,0.910486,0.961257,0.613230,0.398438,0.809883,0,0,1,N/A,0.00
12,3,0.302424,0.899471,0.307692,0.798709,0.996479,0.613900,0.981287,0.865138,0.551724,0.827357,0,1,0,N/A,0.00
12,4,0.551499,0.827222,0.427225,0.625592,0.909091,0.882611,0.993760,0.086432,0.450909,0.869009,0,1,0,N/A,0.00
12,5,0.141028,0.969905,0.377358,0.628466,0.995182,0.955561,0.992500,0.940221,0.145161,0.606061,0,0,0,N/A,0.00
12,6,0.289812,0.894035,0.444444,0.803703,0.991146,0.774138,0.993046,0.643375,0.544839,0.801120,0,1,0,N/A,0.00
12,7,0.645848,0.756778,0.443740,0.640058,0.938053,0.687380,0.503817,0.883621,0.539326,0.826848,0,1,0,N/A,0.00
12,8,0.370534,0.887019,0.437908,0.785276,0.988306,0.943116,0.988642,0.871345,0.309859,0.776145,0,1,0,N/A,0.00
12,9,0.577416,0.810884,0.399083,0.025641,0.994624,0.871442,0.785714,0.474359,0.456621,0.863240,0,0,0,N/A,0.00
12,10,0.479213,0.859553,0.425098,0.565724,0.803279,0.942805,0.982823,0.905945,0.130178,0.798077,0,1,0,N/A,0.00
12,MEAN,0.464375,0.844434,0.408270,0.551543,0.954305,0.783343,0.916183,0.719659,0.408790,0.789054,0,6,1.0000,14.9983,382.02
13,1,0.482181,0.802980,0.565674,0.221757,0.986088,0.189665,0.979631,0.924812,0.193103,0.716216,0,0,1,N/A,0.00
13,2,0.694179,0.758337,0.545799,0.592593,0.956522,0.926273,0.962343,0.634653,0.213483,0.835681,0,0,1,N/A,0.00
13,3,0.324690,0.888900,0.327869,0.792459,0.996905,0.520719,0.983286,0.866768,0.175659,0.828511,0,0,0,N/A,0.00
13,4,0.490913,0.850944,0.578199,0.679635,0.925926,0.888235,0.994176,0.095137,0.136126,0.893139,0,1,0,N/A,0.00
13,5,0.110867,0.976644,0.450704,0.650699,0.996672,0.982671,0.994635,0.943555,0.000000,0.632353,0,1,0,N/A,0.00
13,6,0.304928,0.888910,0.588235,0.803191,0.992086,0.731559,0.994120,0.640635,0.196429,0.827632,0,1,0,N/A,0.00
13,7,0.676005,0.730757,0.563218,0.674267,0.933921,0.621478,0.511628,0.895522,0.184719,0.836946,0,1,0,N/A,0.00
13,8,0.349469,0.895585,0.589235,0.786818,0.990964,0.961844,0.991210,0.875000,0.000000,0.783961,0,1,0,N/A,0.00
13,9,0.509056,0.827749,0.550725,0.041667,0.993870,0.870954,0.804878,0.486842,0.140127,0.886986,0,0,0,N/A,0.00
13,10,0.401730,0.882140,0.558172,0.607394,0.771654,0.971443,0.982550,0.914232,0.109589,0.819466,0,1,0,N/A,0.00
13,MEAN,0.434402,0.850295,0.531783,0.585048,0.954461,0.766484,0.919846,0.727716,0.134923,0.806089,0,6,1.0000,14.9983,340.97
14,1,0.435275,0.838232,0.666016,0.197125,0.986896,0.292461,0.979631,0.893190,0.659608,0.716216,0,0,1,N/A,0.00
14,2,0.556302,0.857324,0.878378,0.533582,0.960317,0.920648,0.962343,0.839827,0.468531,0.848930,0,0,1,N/A,0.00
14,3,0.351116,0.872179,0.062910,0.753647,0.996904,0.647716,0.983305,0.847505,0.623400,0.761480,0,0,0,N/A,0.00
14,4,0.385002,0.889592,0.861418,0.647995,0.929368,0.896465,0.994176,0.185615,0.511475,0.898567,0,1,0,N/A,0.00
14,5,0.146488,0.958341,0.160194,0.632338,0.996415,0.956590,0.994099,0.898954,0.153846,0.489130,0,0,0,N/A,0.00
14,6,0.291415,0.895001,0.584730,0.763385,0.990928,0.800355,0.993640,0.736577,0.624606,0.763331,0,1,0,N/A,0.00
14,7,0.602926,0.774385,0.674641,0.630344,0.933921,0.730095,0.507692,0.878242,0.642727,0.809695,0,1,0,N/A,0.00
14,8,0.408155,0.863873,0.464623,0.746530,0.990591,0.947672,0.991205,0.860470,0.343949,0.712610,0,1,0,N/A,0.00
14,9,0.383296,0.879020,0.865330,0.045455,0.996160,0.883333,0.804878,0.692308,0.526096,0.901660,0,1,0,N/A,0.00
14,10,0.472317,0.850793,0.630007,0.566651,0.790323,0.947368,0.983087,0.892628,0.169312,0.782353,0,1,0,N/A,0.00
14,MEAN,0.403229,0.867874,0.584825,0.551705,0.957182,0.802270,0.919406,0.772531,0.472355,0.768397,0,6,1.0000,14.9983,340.40
15,1,0.409876,0.841814,0.787736,0.500000,0.986077,0.196586,0.979473,0.959063,0.252437,0.858300,0,0,1,N/A,0.00
15,2,0.551938,0.864078,0.875696,0.652681,0.960317,0.925422,0.962343,0.800493,0.259067,0.876998,0,0,1,N/A,0.00
15,3,0.355160,0.874822,0.113208,0.753008,0.996974,0.539580,0.983305,0.847027,0.246080,0.832224,0,0,0,N/A,0.00
15,4,0.463287,0.880300,0.861393,0.695279,0.932836,0.889946,0.994316,0.119017,0.190000,0.902520,0,1,0,N/A,0.00
15,5,0.102682,0.975915,0.289474,0.697733,0.996464,0.979247,0.994258,0.947199,0.117647,0.606897,0,1,0,N/A,0.00
15,6,0.337529,0.881466,0.666667,0.748014,0.991155,0.737743,0.993881,0.628939,0.266385,0.833773,0,0,0,N/A,0.00
15,7,0.622779,0.760829,0.751412,0.702595,0.944321,0.632550,0.511628,0.914639,0.269537,0.849524,0,1,0,N/A,0.00
15,8,0.372507,0.881513,0.604134,0.738281,0.990211,0.956348,0.990949,0.861989,0.025000,0.793729,0,1,0,N/A,0.00
15,9,0.454044,0.869125,0.879285,0.029851,0.994246,0.874891,0.804878,0.601594,0.204204,0.899571,0,1,0,N/A,0.00
15,10,0.340698,0.906972,0.745657,0.661844,0.784000,0.966395,0.983087,0.935104,0.107527,0.851167,0,1,0,N/A,0.00
15,MEAN,0.401050,0.873683,0.657466,0.617929,0.957660,0.769871,0.919812,0.761506,0.193788,0.830470,0,6,1.0000,14.9983,344.55
