round,client,loss,accuracy,Normal,DDoS_UDP,DDoS_ICMP,Ransomware,DDoS_HTTP,DDoS_TCP,Vulnerability_scanner,MITM,norm_guard_rejected,krum_selected,krum_detected_byzantine,dp_epsilon_spent_cumulative,round_time_s,dp_full_run_target_epsilon,dp_per_round_target_epsilon_deprecated,dp_noise_multiplier,krum_scores_byzantine_mean,krum_scores_honest_mean,krum_score_ratio,nan_this_round
1,1,1.756035,0.651994,0.825388,0.000000,0.997292,0.000000,0.000000,0.000000,0.000000,0.000000,0,0,0,N/A,0.00,N/A,N/A,N/A,N/A,N/A,N/A,N/A
1,2,1.736195,0.618918,0.891551,0.000000,0.964516,0.052825,0.000000,0.000000,0.000000,0.000000,0,0,0,N/A,0.00,N/A,N/A,N/A,N/A,N/A,N/A,N/A
1,3,1.841914,0.536701,0.075000,0.000000,0.992438,0.334649,0.000000,0.000000,0.000000,0.000000,0,0,0,N/A,0.00,N/A,N/A,N/A,N/A,N/A,N/A,N/A
1,4,1.707570,0.515840,0.807525,0.000000,0.913295,0.048980,0.000000,0.000000,0.000000,0.000000,0,0,0,N/A,0.00,N/A,N/A,N/A,N/A,N/A,N/A,N/A
1,5,1.907987,0.316394,0.061020,0.000000,0.989173,0.188184,0.000000,0.000000,0.000000,0.000000,0,0,0,N/A,0.00,N/A,N/A,N/A,N/A,N/A,N/A,N/A
1,6,2.216909,0.109274,0.228421,0.000000,0.932907,0.052770,0.000000,0.000000,0.000000,0.000000,0,0,0,N/A,0.00,N/A,N/A,N/A,N/A,N/A,N/A,N/A
1,7,1.751317,0.642508,0.730210,0.000000,0.980471,0.287273,0.000000,0.000000,0.000000,0.000000,0,0,0,N/A,0.00,N/A,N/A,N/A,N/A,N/A,N/A,N/A
1,8,1.874078,0.359766,0.733333,0.000000,0.975000,0.095793,0.000000,0.000000,0.000000,0.000000,0,0,0,N/A,0.00,N/A,N/A,N/A,N/A,N/A,N/A,N/A
1,9,1.852174,0.431008,0.344212,0.000000,0.994479,0.074074,0.000000,0.000000,0.000000,0.000000,0,0,0,N/A,0.00,N/A,N/A,N/A,N/A,N/A,N/A,N/A
1,10,1.826227,0.384909,0.543425,0.000000,0.956217,0.299380,0.000000,0.000000,0.000000,0.000000,0,0,0,N/A,0.00,N/A,N/A,N/A,N/A,N/A,N/A,N/A
1,MEAN,1.847041,0.456731,0.524009,0.000000,0.969579,0.143393,0.000000,0.000000,0.000000,0.000000,0,,N/A,N/A,307.52,N/A,N/A,N/A,N/A,N/A,N/A,0
2,1,1.183321,0.605521,0.801567,0.400000,0.915002,0.000000,0.271869,0.439834,0.000000,0.500000,0,0,0,N/A,0.00,N/A,N/A,N/A,N/A,N/A,N/A,N/A
2,2,1.135810,0.580437,0.827714,0.682927,0.924460,0.050188,0.272000,0.431138,0.000000,0.444444,0,0,0,N/A,0.00,N/A,N/A,N/A,N/A,N/A,N/A,N/A
2,3,1.001903,0.747698,0.444444,0.960085,0.912870,0.326854,0.306011,0.460043,0.000000,0.000000,0,0,0,N/A,0.00,N/A,N/A,N/A,N/A,N/A,N/A,N/A
2,4,1.064165,0.551653,0.798175,0.915068,0.902778,0.047019,0.294737,0.502513,0.000000,0.142857,0,0,0,N/A,0.00,N/A,N/A,N/A,N/A,N/A,N/A,N/A
2,5,0.917613,0.764232,0.469636,0.977460,0.911681,0.185629,0.268097,0.451730,0.000000,0.000000,0,0,0,N/A,0.00,N/A,N/A,N/A,N/A,N/A,N/A,N/A
2,6,1.769159,0.301417,0.465201,0.968652,0.914498,0.049123,0.108216,0.358974,0.000000,0.545455,0,0,0,N/A,0.00,N/A,N/A,N/A,N/A,N/A,N/A,N/A
2,7,1.010762,0.737139,0.813223,0.943107,0.931186,0.220207,0.344000,0.460177,0.000000,0.266667,0,0,0,N/A,0.00,N/A,N/A,N/A,N/A,N/A,N/A,N/A
2,8,1.156097,0.519922,0.823799,0.906752,0.923463,0.117647,0.133333,0.461730,0.000000,0.647059,0,0,0,N/A,0.00,N/A,N/A,N/A,N/A,N/A,N/A,N/A
2,9,0.900826,0.816473,0.765193,0.980723,0.923292,0.044118,0.258206,0.000000,0.000000,0.000000,0,0,0,N/A,0.00,N/A,N/A,N/A,N/A,N/A,N/A,N/A
2,10,0.845328,0.776300,0.797903,0.974935,0.913043,0.245374,0.230453,0.391753,0.000000,0.000000,0,0,0,N/A,0.00,N/A,N/A,N/A,N/A,N/A,N/A,N/A
2,MEAN,1.098499,0.640079,0.700686,0.870971,0.917227,0.128616,0.248692,0.395789,0.000000,0.254648,0,,N/A,N/A,303.11,N/A,N/A,N/A,N/A,N/A,N/A,0
3,1,0.609051,0.816411,0.781666,1.000000,0.998735,0.000000,0.710995,0.996441,0.466960,0.333333,0,0,0,N/A,0.00,N/A,N/A,N/A,N/A,N/A,N/A,N/A
3,2,0.821671,0.720457,0.797370,1.000000,1.000000,0.087432,0.462733,0.996937,0.451777,0.424242,0,0,0,N/A,0.00,N/A,N/A,N/A,N/A,N/A,N/A,N/A
3,3,0.248911,0.973128,0.673913,0.995767,0.999214,0.854991,0.745098,0.994358,0.000000,0.294118,0,0,0,N/A,0.00,N/A,N/A,N/A,N/A,N/A,N/A,N/A
3,4,0.896222,0.705234,0.775510,0.994382,0.987500,0.070976,0.757308,1.000000,0.000000,0.787879,0,0,0,N/A,0.00,N/A,N/A,N/A,N/A,N/A,N/A,N/A
3,5,0.324311,0.940142,0.758621,0.995251,0.995211,0.596154,0.691652,0.995272,0.458824,0.410256,0,0,0,N/A,0.00,N/A,N/A,N/A,N/A,N/A,N/A,N/A
3,6,1.035388,0.515457,0.705185,0.998964,0.993197,0.235514,0.096710,1.000000,0.451323,0.500000,0,0,0,N/A,0.00,N/A,N/A,N/A,N/A,N/A,N/A,N/A
3,7,0.612305,0.811491,0.783372,0.993348,0.997949,0.291595,0.568182,0.988372,0.428571,0.838710,0,0,0,N/A,0.00,N/A,N/A,N/A,N/A,N/A,N/A,N/A
3,8,0.451842,0.886719,0.801932,1.000000,1.000000,0.484277,0.062500,0.995938,0.375000,0.793103,0,0,0,N/A,0.00,N/A,N/A,N/A,N/A,N/A,N/A,N/A
3,9,0.406185,0.898450,0.779321,0.996567,0.998048,0.090226,0.642458,0.000000,0.326797,0.181818,0,0,0,N/A,0.00,N/A,N/A,N/A,N/A,N/A,N/A,N/A
3,10,0.574713,0.829816,0.786140,0.997090,0.980180,0.307825,0.592208,0.990291,0.378378,0.060606,0,0,0,N/A,0.00,N/A,N/A,N/A,N/A,N/A,N/A,N/A
3,MEAN,0.598060,0.809730,0.764303,0.997137,0.995004,0.301899,0.532984,0.895761,0.333763,0.462407,0,,N/A,N/A,297.89,N/A,N/A,N/A,N/A,N/A,N/A,0
4,1,0.347236,0.887577,0.845276,1.000000,0.998735,0.000000,0.823715,0.995548,0.593156,0.333333,0,0,0,N/A,0.00,N/A,N/A,N/A,N/A,N/A,N/A,N/A
4,2,0.497176,0.811569,0.872596,1.000000,1.000000,0.154762,0.519481,0.996937,0.609481,0.424242,0,0,0,N/A,0.00,N/A,N/A,N/A,N/A,N/A,N/A,N/A
4,3,0.132126,0.977606,0.641509,0.998945,0.999476,0.893004,0.805556,0.992938,0.000000,0.344828,0,0,0,N/A,0.00,N/A,N/A,N/A,N/A,N/A,N/A,N/A
4,4,0.534671,0.803719,0.833105,0.997199,0.987342,0.137405,0.820576,1.000000,0.200000,0.742857,0,0,0,N/A,0.00,N/A,N/A,N/A,N/A,N/A,N/A,N/A
4,5,0.174150,0.955045,0.697143,0.998685,0.998253,0.742358,0.759289,0.995272,0.596859,0.484848,0,0,0,N/A,0.00,N/A,N/A,N/A,N/A,N/A,N/A,N/A
4,6,0.679165,0.620438,0.759563,1.000000,1.000000,0.474708,0.135556,1.000000,0.607083,0.500000,0,0,0,N/A,0.00,N/A,N/A,N/A,N/A,N/A,N/A,N/A
4,7,0.357728,0.876831,0.857143,0.998897,1.000000,0.421594,0.703242,0.988372,0.604167,0.866667,0,0,0,N/A,0.00,N/A,N/A,N/A,N/A,N/A,N/A,N/A
4,8,0.272273,0.915625,0.880090,1.000000,1.000000,0.643478,0.084507,0.994713,0.548223,0.793103,0,0,0,N/A,0.00,N/A,N/A,N/A,N/A,N/A,N/A,N/A
4,9,0.220971,0.933333,0.852551,0.998930,0.999023,0.178010,0.722078,0.000000,0.488372,0.285714,0,0,0,N/A,0.00,N/A,N/A,N/A,N/A,N/A,N/A,N/A
4,10,0.329737,0.889147,0.868586,0.998911,0.987296,0.451087,0.667431,0.993548,0.533333,0.074074,0,0,0,N/A,0.00,N/A,N/A,N/A,N/A,N/A,N/A,N/A
4,MEAN,0.354523,0.867089,0.810756,0.999157,0.997012,0.409641,0.604143,0.895733,0.478067,0.484967,0,,N/A,N/A,299.10,N/A,N/A,N/A,N/A,N/A,N/A,0
5,1,0.267166,0.923773,0.878153,1.000000,0.998735,0.000000,0.878274,0.995548,0.695652,0.315789,0,0,0,N/A,0.00,N/A,N/A,N/A,N/A,N/A,N/A,N/A
5,2,0.371023,0.872642,0.914149,1.000000,1.000000,0.253165,0.609642,0.996937,0.759036,0.411765,0,0,0,N/A,0.00,N/A,N/A,N/A,N/A,N/A,N/A,N/A
5,3,0.100551,0.983578,0.684685,0.998945,0.999476,0.943867,0.875000,0.992938,0.000000,0.344828,0,0,0,N/A,0.00,N/A,N/A,N/A,N/A,N/A,N/A,N/A
5,4,0.409192,0.867769,0.879142,1.000000,0.993631,0.273171,0.864183,1.000000,0.153846,0.742857,0,0,0,N/A,0.00,N/A,N/A,N/A,N/A,N/A,N/A,N/A
5,5,0.139592,0.969460,0.715789,0.998948,0.998252,0.930000,0.839344,0.995272,0.747664,0.470588,0,0,0,N/A,0.00,N/A,N/A,N/A,N/A,N/A,N/A,N/A
5,6,0.575017,0.739802,0.797900,1.000000,1.000000,0.720000,0.188395,1.000000,0.761623,0.500000,0,0,0,N/A,0.00,N/A,N/A,N/A,N/A,N/A,N/A,N/A
5,7,0.264607,0.921142,0.908432,0.998897,1.000000,0.584192,0.787879,0.988372,0.747664,0.866667,0,0,0,N/A,0.00,N/A,N/A,N/A,N/A,N/A,N/A,N/A
5,8,0.205461,0.937500,0.915663,1.000000,1.000000,0.751220,0.121739,0.994713,0.700000,0.793103,0,0,0,N/A,0.00,N/A,N/A,N/A,N/A,N/A,N/A,N/A
5,9,0.171476,0.954845,0.895124,0.999144,0.998044,0.352941,0.799479,0.000000,0.659898,0.250000,0,0,0,N/A,0.00,N/A,N/A,N/A,N/A,N/A,N/A,N/A
5,10,0.246533,0.926541,0.912509,0.999637,0.994516,0.642729,0.738318,0.993548,0.663830,0.071429,0,0,0,N/A,0.00,N/A,N/A,N/A,N/A,N/A,N/A,N/A
5,MEAN,0.275062,0.909705,0.850155,0.999557,0.998265,0.545128,0.670225,0.895733,0.588921,0.476703,0,,N/A,N/A,305.98,N/A,N/A,N/A,N/A,N/A,N/A,0
6,1,0.256394,0.923620,0.878465,1.000000,0.998916,0.000000,0.888365,0.998224,0.700000,0.333333,0,0,0,N/A,0.00,N/A,N/A,N/A,N/A,N/A,N/A,N/A
6,2,0.370901,0.869414,0.908773,1.000000,1.000000,0.210526,0.651952,0.997705,0.793037,0.411765,0,0,0,N/A,0.00,N/A,N/A,N/A,N/A,N/A,N/A,N/A
6,3,0.086094,0.984324,0.678571,0.998945,0.999738,0.941909,0.880866,0.997187,0.000000,0.357143,0,0,0,N/A,0.00,N/A,N/A,N/A,N/A,N/A,N/A,N/A
6,4,0.405360,0.856405,0.869223,1.000000,1.000000,0.219608,0.871481,1.000000,0.100000,0.764706,0,0,0,N/A,0.00,N/A,N/A,N/A,N/A,N/A,N/A,N/A
6,5,0.122923,0.970193,0.702128,0.998948,0.998689,0.911765,0.844595,0.996458,0.777293,0.484848,0,0,0,N/A,0.00,N/A,N/A,N/A,N/A,N/A,N/A,N/A
6,6,0.541100,0.780378,0.809202,1.000000,1.000000,0.681081,0.216783,1.000000,0.810471,0.500000,0,0,0,N/A,0.00,N/A,N/A,N/A,N/A,N/A,N/A,N/A
6,7,0.262410,0.915133,0.898279,0.998897,1.000000,0.527950,0.816000,0.994220,0.767857,0.866667,0,0,0,N/A,0.00,N/A,N/A,N/A,N/A,N/A,N/A,N/A
6,8,0.191165,0.942187,0.915105,1.000000,1.000000,0.723005,0.142857,0.995938,0.767241,0.793103,0,0,0,N/A,0.00,N/A,N/A,N/A,N/A,N/A,N/A,N/A
6,9,0.159098,0.953876,0.884848,0.999144,0.999023,0.285714,0.815115,0.000000,0.707547,0.307692,0,0,0,N/A,0.00,N/A,N/A,N/A,N/A,N/A,N/A,N/A
6,10,0.238288,0.921722,0.903291,0.999456,0.994536,0.574639,0.769231,0.993548,0.702041,0.074074,0,0,0,N/A,0.00,N/A,N/A,N/A,N/A,N/A,N/A,N/A
6,MEAN,0.263373,0.911725,0.844788,0.999539,0.999090,0.507620,0.689725,0.897328,0.612549,0.489333,0,,N/A,N/A,286.34,N/A,N/A,N/A,N/A,N/A,N/A,0
7,1,0.223607,0.934663,0.901996,1.000000,0.999097,0.000000,0.889688,0.998224,0.727273,0.352941,0,0,0,N/A,0.00,N/A,N/A,N/A,N/A,N/A,N/A,N/A
7,2,0.302164,0.901688,0.934384,1.000000,1.000000,0.291971,0.680073,0.997705,0.830258,0.411765,0,0,0,N/A,0.00,N/A,N/A,N/A,N/A,N/A,N/A,N/A
7,3,0.078203,0.985071,0.730435,0.998945,0.999738,0.949791,0.876812,0.997187,0.000000,0.357143,0,0,0,N/A,0.00,N/A,N/A,N/A,N/A,N/A,N/A,N/A
7,4,0.342835,0.887397,0.905156,1.000000,1.000000,0.341463,0.869994,1.000000,0.064516,0.764706,0,0,0,N/A,0.00,N/A,N/A,N/A,N/A,N/A,N/A,N/A
7,5,0.111852,0.970926,0.746114,0.998948,0.998689,0.939394,0.832753,0.997642,0.777328,0.484848,0,0,0,N/A,0.00,N/A,N/A,N/A,N/A,N/A,N/A,N/A
7,6,0.490718,0.822241,0.823077,1.000000,1.000000,0.759036,0.259768,1.000000,0.850872,0.500000,0,0,0,N/A,0.00,N/A,N/A,N/A,N/A,N/A,N/A,N/A
7,7,0.212297,0.939542,0.930091,0.998897,1.000000,0.639098,0.839237,0.994220,0.840336,0.866667,0,0,0,N/A,0.00,N/A,N/A,N/A,N/A,N/A,N/A,N/A
7,8,0.163456,0.952734,0.932900,1.000000,1.000000,0.770000,0.168675,0.996346,0.818182,0.793103,0,0,0,N/A,0.00,N/A,N/A,N/A,N/A,N/A,N/A,N/A
7,9,0.135957,0.964147,0.915741,0.999144,0.999023,0.413793,0.830556,0.000000,0.769912,0.307692,0,0,0,N/A,0.00,N/A,N/A,N/A,N/A,N/A,N/A,N/A
7,10,0.195175,0.939339,0.931102,0.999637,0.996350,0.688462,0.769811,0.993548,0.713178,0.074074,0,0,0,N/A,0.00,N/A,N/A,N/A,N/A,N/A,N/A,N/A
7,MEAN,0.225626,0.929775,0.875100,0.999557,0.999290,0.579301,0.701737,0.897487,0.639185,0.491294,0,,N/A,N/A,310.38,N/A,N/A,N/A,N/A,N/A,N/A,0
8,1,0.253198,0.922239,0.872938,1.000000,0.999458,0.000000,0.902024,0.999113,0.733524,0.400000,0,0,0,N/A,0.00,N/A,N/A,N/A,N/A,N/A,N/A,N/A
8,2,0.375468,0.868421,0.903736,1.000000,1.000000,0.173160,0.745491,0.998471,0.833028,0.411765,0,0,0,N/A,0.00,N/A,N/A,N/A,N/A,N/A,N/A,N/A
8,3,0.075640,0.984324,0.678571,0.998945,0.999738,0.938017,0.885609,0.998596,0.000000,0.357143,0,0,0,N/A,0.00,N/A,N/A,N/A,N/A,N/A,N/A,N/A
8,4,0.412420,0.855028,0.870449,1.000000,1.000000,0.181818,0.897778,1.000000,0.071429,0.764706,0,0,0,N/A,0.00,N/A,N/A,N/A,N/A,N/A,N/A,N/A
8,5,0.109252,0.969704,0.702703,0.998948,0.999564,0.902913,0.836806,0.997642,0.767347,0.516129,0,0,0,N/A,0.00,N/A,N/A,N/A,N/A,N/A,N/A,N/A
8,6,0.501245,0.821383,0.800528,1.000000,1.000000,0.636364,0.261153,1.000000,0.854354,0.500000,0,0,0,N/A,0.00,N/A,N/A,N/A,N/A,N/A,N/A,N/A
8,7,0.266951,0.907998,0.881948,0.998897,1.000000,0.465753,0.875000,1.000000,0.840336,0.866667,0,0,0,N/A,0.00,N/A,N/A,N/A,N/A,N/A,N/A,N/A
8,8,0.177428,0.950781,0.916667,1.000000,1.000000,0.675439,0.237288,0.998379,0.832653,0.793103,0,0,0,N/A,0.00,N/A,N/A,N/A,N/A,N/A,N/A,N/A
8,9,0.150119,0.954845,0.882432,0.999144,0.999349,0.236842,0.847458,0.000000,0.758929,0.333333,0,0,0,N/A,0.00,N/A,N/A,N/A,N/A,N/A,N/A,N/A
8,10,0.236572,0.919395,0.898477,0.999637,0.998179,0.514368,0.824161,0.993548,0.718750,0.076923,0,0,0,N/A,0.00,N/A,N/A,N/A,N/A,N/A,N/A,N/A
8,MEAN,0.255829,0.915412,0.840845,0.999557,0.999629,0.472467,0.731277,0.898575,0.641035,0.501977,0,,N/A,N/A,300.20,N/A,N/A,N/A,N/A,N/A,N/A,0
9,1,0.184130,0.960736,0.953012,1.000000,0.998916,0.000000,0.944031,0.997333,0.753388,0.333333,0,0,0,N/A,0.00,N/A,N/A,N/A,N/A,N/A,N/A,N/A
9,2,0.248265,0.931480,0.960557,1.000000,1.000000,0.322581,0.819608,0.997705,0.853047,0.411765,0,0,0,N/A,0.00,N/A,N/A,N/A,N/A,N/A,N/A,N/A
9,3,0.066869,0.988306,0.841121,0.998945,0.999738,0.951782,0.922535,0.997187,0.000000,0.357143,0,0,0,N/A,0.00,N/A,N/A,N/A,N/A,N/A,N/A,N/A
9,4,0.275287,0.934917,0.951746,1.000000,1.000000,0.383562,0.944000,1.000000,0.051282,0.764706,0,0,0,N/A,0.00,N/A,N/A,N/A,N/A,N/A,N/A,N/A
9,5,0.096446,0.979233,0.898204,0.998948,0.998689,0.944162,0.890756,0.997642,0.798419,0.484848,0,0,0,N/A,0.00,N/A,N/A,N/A,N/A,N/A,N/A,N/A
9,6,0.435773,0.855303,0.927098,1.000000,1.000000,0.787500,0.304000,1.000000,0.878487,0.500000,0,0,0,N/A,0.00,N/A,N/A,N/A,N/A,N/A,N/A,N/A
9,7,0.173133,0.957942,0.954955,0.998897,1.000000,0.696721,0.911602,0.994220,0.852459,0.866667,0,0,0,N/A,0.00,N/A,N/A,N/A,N/A,N/A,N/A,N/A
9,8,0.139149,0.964844,0.963041,1.000000,1.000000,0.793814,0.233333,0.996346,0.846774,0.793103,0,0,0,N/A,0.00,N/A,N/A,N/A,N/A,N/A,N/A,N/A
9,9,0.112496,0.976357,0.959157,0.998930,0.999023,0.444444,0.906336,0.000000,0.786611,0.285714,0,0,0,N/A,0.00,N/A,N/A,N/A,N/A,N/A,N/A,N/A
9,10,0.159496,0.961443,0.963125,0.999637,0.996350,0.730612,0.889182,0.993548,0.756554,0.074074,0,0,0,N/A,0.00,N/A,N/A,N/A,N/A,N/A,N/A,N/A
9,MEAN,0.189104,0.951056,0.937202,0.999536,0.999272,0.605518,0.776538,0.897398,0.657702,0.487135,0,,N/A,N/A,300.24,N/A,N/A,N/A,N/A,N/A,N/A,0
10,1,0.195970,0.948313,0.928328,1.000000,0.999277,0.000000,0.945227,0.998224,0.735450,0.375000,0,0,0,N/A,0.00,N/A,N/A,N/A,N/A,N/A,N/A,N/A
10,2,0.273707,0.905164,0.935673,1.000000,1.000000,0.219178,0.836292,0.997705,0.866197,0.411765,0,0,0,N/A,0.00,N/A,N/A,N/A,N/A,N/A,N/A,N/A
10,3,0.064416,0.988554,0.820000,0.998945,0.999738,0.943867,0.940351,0.998596,0.000000,0.357143,0,0,0,N/A,0.00,N/A,N/A,N/A,N/A,N/A,N/A,N/A
10,4,0.308764,0.906680,0.923938,1.000000,1.000000,0.231405,0.953020,1.000000,0.047619,0.764706,0,0,0,N/A,0.00,N/A,N/A,N/A,N/A,N/A,N/A,N/A
10,5,0.094279,0.978500,0.858896,0.998948,0.999127,0.920792,0.891892,0.997642,0.807843,0.500000,0,0,0,N/A,0.00,N/A,N/A,N/A,N/A,N/A,N/A,N/A
10,6,0.425182,0.858952,0.894587,1.000000,1.000000,0.681081,0.316927,1.000000,0.887036,0.500000,0,0,0,N/A,0.00,N/A,N/A,N/A,N/A,N/A,N/A,N/A
10,7,0.187229,0.948179,0.940816,0.998897,1.000000,0.615942,0.926431,0.994220,0.861789,0.866667,0,0,0,N/A,0.00,N/A,N/A,N/A,N/A,N/A,N/A,N/A
10,8,0.144769,0.956641,0.931447,1.000000,1.000000,0.693694,0.264151,0.997567,0.865079,0.793103,0,0,0,N/A,0.00,N/A,N/A,N/A,N/A,N/A,N/A,N/A
10,9,0.116457,0.970930,0.938942,0.999144,0.999023,0.307692,0.916553,0.000000,0.785124,0.307692,0,0,0,N/A,0.00,N/A,N/A,N/A,N/A,N/A,N/A,N/A
10,10,0.174352,0.943992,0.935194,0.999637,0.998179,0.597663,0.892715,0.993548,0.767528,0.076923,0,0,0,N/A,0.00,N/A,N/A,N/A,N/A,N/A,N/A,N/A
10,MEAN,0.198513,0.940591,0.910782,0.999557,0.999534,0.521131,0.788356,0.897750,0.662366,0.495300,0,,N/A,N/A,309.24,N/A,N/A,N/A,N/A,N/A,N/A,0
11,1,0.183328,0.955368,0.942073,1.000000,0.999458,0.000000,0.944075,0.998224,0.737127,0.400000,0,0,0,N/A,0.00,N/A,N/A,N/A,N/A,N/A,N/A,N/A
11,2,0.258393,0.917329,0.947076,1.000000,1.000000,0.261438,0.826087,0.997705,0.855098,0.411765,0,0,0,N/A,0.00,N/A,N/A,N/A,N/A,N/A,N/A,N/A
11,3,0.061845,0.989301,0.843137,1.000000,0.999738,0.947808,0.937063,0.997892,0.000000,0.384615,0,0,0,N/A,0.00,N/A,N/A,N/A,N/A,N/A,N/A,N/A
11,4,0.282098,0.918733,0.936005,1.000000,1.000000,0.282828,0.946593,1.000000,0.050000,0.787879,0,0,0,N/A,0.00,N/A,N/A,N/A,N/A,N/A,N/A,N/A
11,5,0.089849,0.978011,0.858824,0.999475,0.999127,0.934673,0.879865,0.997642,0.793651,0.533333,0,0,0,N/A,0.00,N/A,N/A,N/A,N/A,N/A,N/A,N/A
11,6,0.428973,0.849721,0.893443,1.000000,1.000000,0.724138,0.305046,1.000000,0.875048,0.500000,0,0,0,N/A,0.00,N/A,N/A,N/A,N/A,N/A,N/A,N/A
11,7,0.179927,0.951183,0.946356,0.998897,1.000000,0.643939,0.912568,0.994220,0.850000,0.866667,0,0,0,N/A,0.00,N/A,N/A,N/A,N/A,N/A,N/A,N/A
11,8,0.139851,0.958984,0.943194,1.000000,1.000000,0.733333,0.245614,0.996346,0.851406,0.793103,0,0,0,N/A,0.00,N/A,N/A,N/A,N/A,N/A,N/A,N/A
11,9,0.108490,0.976163,0.956811,0.999358,0.999023,0.404494,0.915989,0.000000,0.775862,0.333333,0,0,0,N/A,0.00,N/A,N/A,N/A,N/A,N/A,N/A,N/A
11,10,0.162681,0.953798,0.951285,0.999819,0.998179,0.672932,0.883289,0.993548,0.744361,0.080000,0,0,0,N/A,0.00,N/A,N/A,N/A,N/A,N/A,N/A,N/A
11,MEAN,0.189543,0.944859,0.921820,0.999755,0.999552,0.560558,0.779619,0.897558,0.653255,0.509070,0,,N/A,N/A,293.79,N/A,N/A,N/A,N/A,N/A,N/A,0
12,1,0.159195,0.965337,0.961039,1.000000,0.999458,0.000000,0.951494,0.999113,0.743802,0.400000,0,0,0,N/A,0.00,N/A,N/A,N/A,N/A,N/A,N/A,N/A
12,2,0.226165,0.934955,0.963728,1.000000,1.000000,0.333333,0.827853,0.998471,0.854578,0.411765,0,0,0,N/A,0.00,N/A,N/A,N/A,N/A,N/A,N/A,N/A
12,3,0.055948,0.990794,0.903846,0.998945,0.999738,0.955789,0.951389,0.998596,0.000000,0.357143,0,0,0,N/A,0.00,N/A,N/A,N/A,N/A,N/A,N/A,N/A
12,4,0.242595,0.945937,0.960865,1.000000,1.000000,0.414815,0.957473,1.000000,0.055556,0.764706,0,0,0,N/A,0.00,N/A,N/A,N/A,N/A,N/A,N/A,N/A
12,5,0.083628,0.980943,0.925926,0.998948,0.999564,0.944162,0.900000,0.997642,0.798419,0.516129,0,0,0,N/A,0.00,N/A,N/A,N/A,N/A,N/A,N/A,N/A
12,6,0.416341,0.848862,0.933702,1.000000,1.000000,0.787500,0.294505,1.000000,0.871588,0.500000,0,0,0,N/A,0.00,N/A,N/A,N/A,N/A,N/A,N/A,N/A
12,7,0.154449,0.962073,0.960361,0.998897,1.000000,0.705394,0.932615,1.000000,0.850000,0.866667,0,0,0,N/A,0.00,N/A,N/A,N/A,N/A,N/A,N/A,N/A
12,8,0.124134,0.965625,0.961945,1.000000,1.000000,0.789744,0.245614,0.997973,0.842105,0.793103,0,0,0,N/A,0.00,N/A,N/A,N/A,N/A,N/A,N/A,N/A
12,9,0.097629,0.978488,0.965654,0.999144,0.999349,0.461538,0.915761,0.000000,0.779661,0.333333,0,0,0,N/A,0.00,N/A,N/A,N/A,N/A,N/A,N/A,N/A
12,10,0.141834,0.964268,0.967241,0.999637,0.998179,0.742739,0.900783,0.993548,0.753731,0.076923,0,0,0,N/A,0.00,N/A,N/A,N/A,N/A,N/A,N/A,N/A
12,MEAN,0.170192,0.953728,0.950431,0.999557,0.999629,0.613501,0.787749,0.898534,0.654944,0.501977,0,,N/A,N/A,299.75,N/A,N/A,N/A,N/A,N/A,N/A,0
13,1,0.347700,0.865031,0.826491,1.000000,1.000000,0.000000,0.775785,0.942910,0.645570,0.545455,0,0,0,N/A,0.00,N/A,N/A,N/A,N/A,N/A,N/A,N/A
13,2,0.442503,0.815293,0.875443,1.000000,1.000000,0.125984,0.647948,0.951394,0.742515,0.437500,0,0,0,N/A,0.00,N/A,N/A,N/A,N/A,N/A,N/A,N/A
13,3,0.106327,0.964917,0.632479,0.999473,0.999738,0.807829,0.835938,0.950699,0.000000,0.370370,0,0,0,N/A,0.00,N/A,N/A,N/A,N/A,N/A,N/A,N/A
13,4,0.554509,0.772727,0.829124,1.000000,1.000000,0.116183,0.780384,0.897260,0.068966,0.787879,0,0,0,N/A,0.00,N/A,N/A,N/A,N/A,N/A,N/A,N/A
13,5,0.154028,0.946005,0.579186,0.998948,0.999564,0.704545,0.718631,0.955043,0.707965,0.516129,0,0,0,N/A,0.00,N/A,N/A,N/A,N/A,N/A,N/A,N/A
13,6,0.698836,0.717475,0.552195,1.000000,1.000000,0.504000,0.184793,0.903226,0.748079,0.500000,0,0,0,N/A,0.00,N/A,N/A,N/A,N/A,N/A,N/A,N/A
13,7,0.294972,0.881712,0.865577,0.998897,1.000000,0.412621,0.719745,0.958084,0.733945,0.866667,0,0,0,N/A,0.00,N/A,N/A,N/A,N/A,N/A,N/A,N/A
13,8,0.267316,0.890625,0.862183,1.000000,1.000000,0.418478,0.204082,0.954315,0.723214,0.793103,0,0,0,N/A,0.00,N/A,N/A,N/A,N/A,N/A,N/A,N/A
13,9,0.182830,0.933140,0.839357,0.999144,0.999675,0.162896,0.725581,0.000000,0.633663,0.363636,0,0,0,N/A,0.00,N/A,N/A,N/A,N/A,N/A,N/A,N/A
13,10,0.278020,0.888981,0.862446,0.999637,1.000000,0.426698,0.713178,0.925676,0.646809,0.083333,0,0,0,N/A,0.00,N/A,N/A,N/A,N/A,N/A,N/A,N/A
13,MEAN,0.332704,0.867591,0.772448,0.999610,0.999898,0.367924,0.630607,0.843861,0.565072,0.526407,0,,N/A,N/A,393.61,N/A,N/A,N/A,N/A,N/A,N/A,0
14,1,0.331548,0.860583,0.799654,1.000000,0.999639,0.000000,0.745438,0.971741,0.628763,0.500000,0,0,0,N/A,0.00,N/A,N/A,N/A,N/A,N/A,N/A,N/A
14,2,0.417801,0.822493,0.875302,1.000000,1.000000,0.136986,0.625532,0.974961,0.726899,0.437500,0,0,0,N/A,0.00,N/A,N/A,N/A,N/A,N/A,N/A,N/A
14,3,0.094573,0.969147,0.606557,1.000000,0.999738,0.842301,0.806324,0.966667,0.000000,0.384615,0,0,0,N/A,0.00,N/A,N/A,N/A,N/A,N/A,N/A,N/A
14,4,0.529749,0.777204,0.814367,1.000000,1.000000,0.135266,0.766355,0.979452,0.125000,0.787879,0,0,0,N/A,0.00,N/A,N/A,N/A,N/A,N/A,N/A,N/A
14,5,0.144397,0.947471,0.531120,0.999737,0.999564,0.781513,0.695489,0.979592,0.666667,0.571429,0,0,0,N/A,0.00,N/A,N/A,N/A,N/A,N/A,N/A,N/A
14,6,0.694385,0.699012,0.541627,1.000000,1.000000,0.543103,0.164139,0.950820,0.725494,0.500000,0,0,0,N/A,0.00,N/A,N/A,N/A,N/A,N/A,N/A,N/A
14,7,0.287524,0.880586,0.861907,0.998897,1.000000,0.429293,0.683871,0.970414,0.685714,0.866667,0,0,0,N/A,0.00,N/A,N/A,N/A,N/A,N/A,N/A,N/A
14,8,0.235116,0.907813,0.872131,1.000000,1.000000,0.485804,0.178571,0.970858,0.711712,0.793103,0,0,0,N/A,0.00,N/A,N/A,N/A,N/A,N/A,N/A,N/A
14,9,0.177455,0.931202,0.824147,0.999572,0.999349,0.173913,0.702362,0.000000,0.633166,0.444444,0,0,0,N/A,0.00,N/A,N/A,N/A,N/A,N/A,N/A,N/A
14,10,0.267694,0.890809,0.859081,1.000000,0.998179,0.449749,0.694704,0.960000,0.626087,0.090909,0,0,0,N/A,0.00,N/A,N/A,N/A,N/A,N/A,N/A,N/A
14,MEAN,0.318024,0.868632,0.758589,0.999821,0.999647,0.397793,0.606279,0.872450,0.552950,0.537655,0,,N/A,N/A,295.05,N/A,N/A,N/A,N/A,N/A,N/A,0
15,1,0.249495,0.909356,0.850162,1.000000,0.999639,0.000000,0.866226,0.996441,0.671329,0.500000,0,0,0,N/A,0.00,N/A,N/A,N/A,N/A,N/A,N/A,N/A
15,2,0.341434,0.858987,0.899262,1.000000,1.000000,0.175439,0.727626,0.997705,0.721992,0.424242,0,0,0,N/A,0.00,N/A,N/A,N/A,N/A,N/A,N/A,N/A
15,3,0.074737,0.983827,0.666667,1.000000,0.999738,0.932238,0.882353,0.995067,0.000000,0.384615,0,0,0,N/A,0.00,N/A,N/A,N/A,N/A,N/A,N/A,N/A
15,4,0.397017,0.840909,0.854756,1.000000,1.000000,0.177215,0.871795,1.000000,0.166667,0.787879,0,0,0,N/A,0.00,N/A,N/A,N/A,N/A,N/A,N/A,N/A
15,5,0.115692,0.964818,0.632558,0.999737,0.999564,0.911765,0.812287,0.997642,0.685990,0.571429,0,0,0,N/A,0.00,N/A,N/A,N/A,N/A,N/A,N/A,N/A
15,6,0.649453,0.702447,0.562920,1.000000,1.000000,0.611650,0.199659,1.000000,0.719685,0.500000,0,0,0,N/A,0.00,N/A,N/A,N/A,N/A,N/A,N/A,N/A
15,7,0.233443,0.912880,0.895170,0.998897,1.000000,0.519878,0.822857,1.000000,0.686275,0.866667,0,0,0,N/A,0.00,N/A,N/A,N/A,N/A,N/A,N/A,N/A
15,8,0.187076,0.934375,0.887689,1.000000,1.000000,0.641667,0.205882,0.996753,0.663551,0.793103,0,0,0,N/A,0.00,N/A,N/A,N/A,N/A,N/A,N/A,N/A
15,9,0.142124,0.949225,0.866492,0.999786,0.999349,0.244898,0.812680,0.000000,0.635897,0.444444,0,0,0,N/A,0.00,N/A,N/A,N/A,N/A,N/A,N/A,N/A
15,10,0.212948,0.915573,0.890052,1.000000,0.998179,0.517341,0.807910,0.993548,0.640351,0.090909,0,0,0,N/A,0.00,N/A,N/A,N/A,N/A,N/A,N/A,N/A
15,MEAN,0.260342,0.897240,0.800573,0.999842,0.999647,0.473209,0.700928,0.897716,0.559174,0.536329,0,,N/A,N/A,305.81,N/A,N/A,N/A,N/A,N/A,N/A,0
16,1,0.209288,0.919785,0.871340,1.000000,0.999819,0.000000,0.880855,1.000000,0.675079,0.500000,0,0,0,N/A,0.00,N/A,N/A,N/A,N/A,N/A,N/A,N/A
16,2,0.289890,0.881827,0.917274,1.000000,1.000000,0.206718,0.750507,0.999236,0.771037,0.437500,0,0,0,N/A,0.00,N/A,N/A,N/A,N/A,N/A,N/A,N/A
16,3,0.063093,0.986066,0.706897,1.000000,0.999738,0.943867,0.892989,0.999298,0.000000,0.384615,0,0,0,N/A,0.00,N/A,N/A,N/A,N/A,N/A,N/A,N/A
16,4,0.332791,0.863636,0.880178,1.000000,1.000000,0.211321,0.882812,1.000000,0.090909,0.787879,0,0,0,N/A,0.00,N/A,N/A,N/A,N/A,N/A,N/A,N/A
16,5,0.100786,0.966773,0.660377,0.999737,0.999564,0.920792,0.815466,0.998822,0.719298,0.571429,0,0,0,N/A,0.00,N/A,N/A,N/A,N/A,N/A,N/A,N/A
16,6,0.581093,0.758909,0.600783,1.000000,1.000000,0.656250,0.245026,1.000000,0.785581,0.500000,0,0,0,N/A,0.00,N/A,N/A,N/A,N/A,N/A,N/A,N/A
16,7,0.195587,0.928652,0.915736,0.998897,1.000000,0.574324,0.850575,1.000000,0.756757,0.866667,0,0,0,N/A,0.00,N/A,N/A,N/A,N/A,N/A,N/A,N/A
16,8,0.158210,0.947266,0.902674,1.000000,1.000000,0.675439,0.285714,0.999190,0.756522,0.793103,0,0,0,N/A,0.00,N/A,N/A,N/A,N/A,N/A,N/A,N/A
16,9,0.120718,0.957364,0.892487,0.999572,0.999349,0.297521,0.832370,0.000000,0.692308,0.444444,0,0,0,N/A,0.00,N/A,N/A,N/A,N/A,N/A,N/A,N/A
16,10,0.179935,0.928702,0.909180,1.000000,1.000000,0.569157,0.822857,0.996785,0.702041,0.090909,0,0,0,N/A,0.00,N/A,N/A,N/A,N/A,N/A,N/A,N/A
16,MEAN,0.223139,0.913898,0.825693,0.999821,0.999847,0.505539,0.725917,0.899333,0.594953,0.537655,0,,N/A,N/A,306.13,N/A,N/A,N/A,N/A,N/A,N/A,0
17,1,0.169504,0.936196,0.901891,1.000000,0.999819,0.000000,0.898812,1.000000,0.755556,0.500000,0,0,0,N/A,0.00,N/A,N/A,N/A,N/A,N/A,N/A,N/A
17,2,0.236696,0.904667,0.936406,1.000000,1.000000,0.240964,0.761905,0.998471,0.852518,0.424242,0,0,0,N/A,0.00,N/A,N/A,N/A,N/A,N/A,N/A,N/A
17,3,0.053999,0.985569,0.724138,1.000000,0.999738,0.945833,0.881481,0.998596,0.000000,0.384615,0,0,0,N/A,0.00,N/A,N/A,N/A,N/A,N/A,N/A,N/A
17,4,0.271993,0.888085,0.906969,1.000000,1.000000,0.269231,0.892903,1.000000,0.062500,0.787879,0,0,0,N/A,0.00,N/A,N/A,N/A,N/A,N/A,N/A,N/A
17,5,0.084239,0.971659,0.730964,0.998948,0.999564,0.930000,0.834813,0.998822,0.796813,0.516129,0,0,0,N/A,0.00,N/A,N/A,N/A,N/A,N/A,N/A,N/A
17,6,0.436844,0.848003,0.848000,1.000000,1.000000,0.703911,0.283313,1.000000,0.878487,0.500000,0,0,0,N/A,0.00,N/A,N/A,N/A,N/A,N/A,N/A,N/A
17,7,0.158298,0.946677,0.938755,0.998897,1.000000,0.646388,0.876791,1.000000,0.859504,0.866667,0,0,0,N/A,0.00,N/A,N/A,N/A,N/A,N/A,N/A,N/A
17,8,0.127707,0.958203,0.934054,1.000000,1.000000,0.706422,0.274510,0.998379,0.856000,0.793103,0,0,0,N/A,0.00,N/A,N/A,N/A,N/A,N/A,N/A,N/A
17,9,0.100140,0.965504,0.917755,0.999144,0.999349,0.339623,0.857554,0.000000,0.796537,0.333333,0,0,0,N/A,0.00,N/A,N/A,N/A,N/A,N/A,N/A,N/A
17,10,0.147664,0.943327,0.934639,0.999819,1.000000,0.631393,0.834492,0.996785,0.759398,0.086957,0,0,0,N/A,0.00,N/A,N/A,N/A,N/A,N/A,N/A,N/A
17,MEAN,0.178708,0.934789,0.877357,0.999681,0.999847,0.541376,0.739658,0.899105,0.661731,0.519293,0,,N/A,N/A,299.61,N/A,N/A,N/A,N/A,N/A,N/A,0
18,1,0.140246,0.955368,0.939064,1.000000,0.999819,0.000000,0.922954,1.000000,0.755682,0.500000,0,0,0,N/A,0.00,N/A,N/A,N/A,N/A,N/A,N/A,N/A
18,2,0.197845,0.928500,0.957729,1.000000,1.000000,0.321285,0.794411,0.999236,0.849365,0.424242,0,0,0,N/A,0.00,N/A,N/A,N/A,N/A,N/A,N/A,N/A
18,3,0.047820,0.988057,0.793103,1.000000,0.999738,0.953782,0.905109,0.999298,0.000000,0.384615,0,0,0,N/A,0.00,N/A,N/A,N/A,N/A,N/A,N/A,N/A
18,4,0.215744,0.924931,0.938814,1.000000,1.000000,0.373333,0.926829,1.000000,0.080000,0.787879,0,0,0,N/A,0.00,N/A,N/A,N/A,N/A,N/A,N/A,N/A
18,5,0.077199,0.976545,0.815642,0.998948,0.999564,0.934673,0.871355,0.998822,0.800000,0.516129,0,0,0,N/A,0.00,N/A,N/A,N/A,N/A,N/A,N/A,N/A
18,6,0.436900,0.842422,0.889785,1.000000,1.000000,0.759036,0.277778,1.000000,0.868878,0.500000,0,0,0,N/A,0.00,N/A,N/A,N/A,N/A,N/A,N/A,N/A
18,7,0.131452,0.956816,0.952807,0.998897,1.000000,0.711297,0.886364,1.000000,0.859504,0.866667,0,0,0,N/A,0.00,N/A,N/A,N/A,N/A,N/A,N/A,N/A
18,8,0.113090,0.964453,0.953092,1.000000,1.000000,0.758621,0.269231,0.999595,0.846774,0.793103,0,0,0,N/A,0.00,N/A,N/A,N/A,N/A,N/A,N/A,N/A
18,9,0.086330,0.972481,0.943470,0.999144,0.999349,0.433735,0.879552,0.000000,0.780702,0.333333,0,0,0,N/A,0.00,N/A,N/A,N/A,N/A,N/A,N/A,N/A
18,10,0.122333,0.958285,0.957108,0.999819,1.000000,0.730612,0.855586,0.996785,0.760456,0.086957,0,0,0,N/A,0.00,N/A,N/A,N/A,N/A,N/A,N/A,N/A
18,MEAN,0.156896,0.946786,0.914061,0.999681,0.999847,0.597637,0.758917,0.899374,0.660136,0.519293,0,,N/A,N/A,297.10,N/A,N/A,N/A,N/A,N/A,N/A,0
19,1,0.160528,0.945859,0.921789,1.000000,0.999819,0.000000,0.898574,1.000000,0.726190,0.545455,0,0,0,N/A,0.00,N/A,N/A,N/A,N/A,N/A,N/A,N/A
19,2,0.208680,0.926018,0.953275,1.000000,1.000000,0.330579,0.782427,0.999236,0.839779,0.437500,0,0,0,N/A,0.00,N/A,N/A,N/A,N/A,N/A,N/A,N/A
19,3,0.054879,0.987559,0.766667,1.000000,0.999738,0.953782,0.897059,0.999298,0.000000,0.384615,0,0,0,N/A,0.00,N/A,N/A,N/A,N/A,N/A,N/A,N/A
19,4,0.241391,0.910124,0.926348,1.000000,1.000000,0.391608,0.892189,1.000000,0.083333,0.787879,0,0,0,N/A,0.00,N/A,N/A,N/A,N/A,N/A,N/A,N/A
19,5,0.086721,0.972881,0.730000,1.000000,0.999564,0.934673,0.841739,0.998822,0.784810,0.592593,0,0,0,N/A,0.00,N/A,N/A,N/A,N/A,N/A,N/A,N/A
19,6,0.507343,0.823100,0.731707,1.000000,1.000000,0.754491,0.290557,1.000000,0.850421,0.500000,0,0,0,N/A,0.00,N/A,N/A,N/A,N/A,N/A,N/A,N/A
19,7,0.142099,0.955689,0.951533,0.998897,1.000000,0.720339,0.873563,1.000000,0.840336,0.866667,0,0,0,N/A,0.00,N/A,N/A,N/A,N/A,N/A,N/A,N/A
19,8,0.126759,0.961719,0.940928,1.000000,1.000000,0.754902,0.297872,0.999190,0.823045,0.793103,0,0,0,N/A,0.00,N/A,N/A,N/A,N/A,N/A,N/A,N/A
19,9,0.095229,0.970155,0.930946,0.999786,0.999675,0.444444,0.857963,0.000000,0.774775,0.500000,0,0,0,N/A,0.00,N/A,N/A,N/A,N/A,N/A,N/A,N/A
19,10,0.130119,0.954795,0.951196,1.000000,1.000000,0.733607,0.829609,0.993548,0.740157,0.090909,0,0,0,N/A,0.00,N/A,N/A,N/A,N/A,N/A,N/A,N/A
19,MEAN,0.175375,0.940790,0.880439,0.999868,0.999880,0.601842,0.746155,0.899010,0.646285,0.549872,0,,N/A,N/A,308.07,N/A,N/A,N/A,N/A,N/A,N/A,0
20,1,0.144564,0.966564,0.964068,1.000000,0.999458,0.000000,0.957703,0.999113,0.748691,0.400000,0,0,0,N/A,0.00,N/A,N/A,N/A,N/A,N/A,N/A,N/A
20,2,0.207184,0.937686,0.961237,1.000000,1.000000,0.311284,0.875000,0.997705,0.900685,0.424242,0,0,0,N/A,0.00,N/A,N/A,N/A,N/A,N/A,N/A,N/A
20,3,0.049042,0.990296,0.888889,0.998945,0.999738,0.949791,0.955017,0.998596,0.000000,0.357143,0,0,0,N/A,0.00,N/A,N/A,N/A,N/A,N/A,N/A,N/A
20,4,0.221854,0.948691,0.964986,1.000000,1.000000,0.388889,0.967509,1.000000,0.047619,0.787879,0,0,0,N/A,0.00,N/A,N/A,N/A,N/A,N/A,N/A,N/A
20,5,0.072944,0.984608,0.961538,0.998948,0.999564,0.944162,0.924623,0.997642,0.839695,0.516129,0,0,0,N/A,0.00,N/A,N/A,N/A,N/A,N/A,N/A,N/A
20,6,0.343990,0.909403,0.949153,1.000000,1.000000,0.782609,0.412598,1.000000,0.930080,0.500000,0,0,0,N/A,0.00,N/A,N/A,N/A,N/A,N/A,N/A,N/A
20,7,0.142882,0.963575,0.960685,1.000000,1.000000,0.693878,0.951087,0.994220,0.899225,0.852459,0,0,0,N/A,0.00,N/A,N/A,N/A,N/A,N/A,N/A,N/A
20,8,0.112327,0.969922,0.958643,1.000000,1.000000,0.777778,0.325581,0.997567,0.908397,0.793103,0,0,0,N/A,0.00,N/A,N/A,N/A,N/A,N/A,N/A,N/A
20,9,0.086169,0.981008,0.970100,0.998930,0.999349,0.455696,0.933884,0.000000,0.826772,0.307692,0,0,0,N/A,0.00,N/A,N/A,N/A,N/A,N/A,N/A,N/A
20,10,0.128698,0.966595,0.966374,0.999637,0.998179,0.727642,0.928382,0.993548,0.836237,0.076923,0,0,0,N/A,0.00,N/A,N/A,N/A,N/A,N/A,N/A,N/A
20,MEAN,0.150966,0.961835,0.954567,0.999646,0.999629,0.603173,0.823139,0.897839,0.693740,0.501557,0,,N/A,N/A,306.04,N/A,N/A,N/A,N/A,N/A,N/A,0
21,1,0.137277,0.968098,0.966807,1.000000,0.999639,0.000000,0.953858,0.998224,0.745946,0.461538,0,0,0,N/A,0.00,N/A,N/A,N/A,N/A,N/A,N/A,N/A
21,2,0.191791,0.938183,0.965430,1.000000,1.000000,0.338983,0.842105,0.997705,0.867257,0.424242,0,0,0,N/A,0.00,N/A,N/A,N/A,N/A,N/A,N/A,N/A
21,3,0.049008,0.990794,0.893204,1.000000,0.999738,0.953782,0.947735,0.998596,0.000000,0.384615,0,0,0,N/A,0.00,N/A,N/A,N/A,N/A,N/A,N/A,N/A
21,4,0.207976,0.951446,0.965649,1.000000,1.000000,0.437500,0.962515,1.000000,0.057143,0.787879,0,0,0,N/A,0.00,N/A,N/A,N/A,N/A,N/A,N/A,N/A
21,5,0.071987,0.981920,0.943396,0.998948,0.999564,0.944162,0.906977,0.997642,0.803150,0.516129,0,0,0,N/A,0.00,N/A,N/A,N/A,N/A,N/A,N/A,N/A
21,6,0.361525,0.876556,0.945455,1.000000,1.000000,0.792453,0.333333,1.000000,0.899175,0.500000,0,0,0,N/A,0.00,N/A,N/A,N/A,N/A,N/A,N/A,N/A
21,7,0.130085,0.963950,0.962444,0.998897,1.000000,0.717300,0.931880,0.994220,0.880000,0.866667,0,0,0,N/A,0.00,N/A,N/A,N/A,N/A,N/A,N/A,N/A
21,8,0.111361,0.968359,0.963041,1.000000,1.000000,0.793814,0.274510,0.997160,0.878431,0.793103,0,0,0,N/A,0.00,N/A,N/A,N/A,N/A,N/A,N/A,N/A
21,9,0.081253,0.980233,0.968854,0.999144,0.999349,0.461538,0.926829,0.000000,0.803347,0.333333,0,0,0,N/A,0.00,N/A,N/A,N/A,N/A,N/A,N/A,N/A
21,10,0.118499,0.966761,0.969197,0.999819,0.998179,0.748954,0.911227,0.993548,0.782288,0.083333,0,0,0,N/A,0.00,N/A,N/A,N/A,N/A,N/A,N/A,N/A
21,MEAN,0.146076,0.958630,0.954348,0.999681,0.999647,0.618849,0.799097,0.897709,0.671674,0.515084,0,,N/A,N/A,301.63,N/A,N/A,N/A,N/A,N/A,N/A,0
22,1,0.120865,0.971319,0.972466,1.000000,0.999458,0.000000,0.960799,0.997333,0.751381,0.400000,0,0,0,N/A,0.00,N/A,N/A,N/A,N/A,N/A,N/A,N/A
22,2,0.169419,0.943148,0.970588,1.000000,1.000000,0.370370,0.842912,0.997705,0.860714,0.424242,0,0,0,N/A,0.00,N/A,N/A,N/A,N/A,N/A,N/A,N/A
22,3,0.047927,0.991291,0.960000,1.000000,0.999738,0.957806,0.949495,0.995067,0.000000,0.384615,0,0,0,N/A,0.00,N/A,N/A,N/A,N/A,N/A,N/A,N/A
22,4,0.173684,0.954201,0.967224,1.000000,1.000000,0.400000,0.974940,1.000000,0.060606,0.787879,0,0,0,N/A,0.00,N/A,N/A,N/A,N/A,N/A,N/A,N/A
22,5,0.069737,0.982898,0.948052,0.999737,0.999564,0.934673,0.912972,0.995272,0.809524,0.571429,0,0,0,N/A,0.00,N/A,N/A,N/A,N/A,N/A,N/A,N/A
22,6,0.390311,0.866037,0.947518,1.000000,1.000000,0.773006,0.319905,1.000000,0.889478,0.500000,0,0,0,N/A,0.00,N/A,N/A,N/A,N/A,N/A,N/A,N/A
22,7,0.110933,0.966204,0.966967,0.998897,1.000000,0.732759,0.936170,0.988372,0.859504,0.866667,0,0,0,N/A,0.00,N/A,N/A,N/A,N/A,N/A,N/A,N/A
22,8,0.112086,0.963281,0.955224,1.000000,1.000000,0.762376,0.245614,0.995530,0.874016,0.793103,0,0,0,N/A,0.00,N/A,N/A,N/A,N/A,N/A,N/A,N/A
22,9,0.073609,0.982364,0.973369,0.999572,0.999349,0.473684,0.937417,0.000000,0.808511,0.400000,0,0,0,N/A,0.00,N/A,N/A,N/A,N/A,N/A,N/A,N/A
22,10,0.104299,0.967924,0.971623,0.999819,0.998179,0.758475,0.912371,0.993548,0.771536,0.083333,0,0,0,N/A,0.00,N/A,N/A,N/A,N/A,N/A,N/A,N/A
22,MEAN,0.137287,0.958867,0.963303,0.999803,0.999629,0.616315,0.799260,0.896283,0.668527,0.521127,0,,N/A,N/A,302.44,N/A,N/A,N/A,N/A,N/A,N/A,0
23,1,0.241580,0.909049,0.848042,1.000000,1.000000,0.000000,0.858120,0.995548,0.752874,0.545455,0,0,0,N/A,0.00,N/A,N/A,N/A,N/A,N/A,N/A,N/A
23,2,0.315885,0.875869,0.904577,1.000000,1.000000,0.183486,0.787330,0.996937,0.843636,0.437500,0,0,0,N/A,0.00,N/A,N/A,N/A,N/A,N/A,N/A,N/A
23,3,0.070471,0.982583,0.677686,1.000000,0.999738,0.930328,0.862595,0.995067,0.000000,0.384615,0,0,0,N/A,0.00,N/A,N/A,N/A,N/A,N/A,N/A,N/A
23,4,0.395463,0.841598,0.861959,1.000000,1.000000,0.192440,0.854473,1.000000,0.071429,0.787879,0,0,0,N/A,0.00,N/A,N/A,N/A,N/A,N/A,N/A,N/A
23,5,0.108251,0.966284,0.610619,0.999737,0.999564,0.907317,0.807477,0.997642,0.796748,0.571429,0,0,0,N/A,0.00,N/A,N/A,N/A,N/A,N/A,N/A,N/A
23,6,0.547976,0.827179,0.573077,1.000000,1.000000,0.633166,0.375839,1.000000,0.863399,0.500000,0,0,0,N/A,0.00,N/A,N/A,N/A,N/A,N/A,N/A,N/A
23,7,0.211650,0.919264,0.897710,0.998897,1.000000,0.534591,0.832298,0.994220,0.859504,0.866667,0,0,0,N/A,0.00,N/A,N/A,N/A,N/A,N/A,N/A,N/A
23,8,0.171749,0.945703,0.887689,1.000000,1.000000,0.618474,0.466667,0.995530,0.837398,0.793103,0,0,0,N/A,0.00,N/A,N/A,N/A,N/A,N/A,N/A,N/A
23,9,0.133213,0.956008,0.877511,0.999572,0.999675,0.274809,0.831325,0.000000,0.778761,0.444444,0,0,0,N/A,0.00,N/A,N/A,N/A,N/A,N/A,N/A,N/A
23,10,0.199308,0.923051,0.896841,1.000000,1.000000,0.543247,0.815038,0.996785,0.758621,0.090909,0,0,0,N/A,0.00,N/A,N/A,N/A,N/A,N/A,N/A,N/A
23,MEAN,0.239555,0.914659,0.803571,0.999821,0.999898,0.481786,0.749116,0.897173,0.656237,0.542200,0,,N/A,N/A,303.81,N/A,N/A,N/A,N/A,N/A,N/A,0
24,1,0.355134,0.856595,0.810563,1.000000,1.000000,0.000000,0.723898,0.958449,0.621622,0.545455,0,0,0,N/A,0.00,N/A,N/A,N/A,N/A,N/A,N/A,N/A
24,2,0.420391,0.824230,0.885303,1.000000,1.000000,0.140598,0.595745,0.961142,0.700000,0.437500,0,0,0,N/A,0.00,N/A,N/A,N/A,N/A,N/A,N/A,N/A
24,3,0.102893,0.964917,0.609375,1.000000,0.999738,0.819495,0.783673,0.956840,0.000000,0.384615,0,0,0,N/A,0.00,N/A,N/A,N/A,N/A,N/A,N/A,N/A
24,4,0.560303,0.775482,0.825827,1.000000,1.000000,0.134293,0.741012,0.954386,0.105263,0.787879,0,0,0,N/A,0.00,N/A,N/A,N/A,N/A,N/A,N/A,N/A
24,5,0.153787,0.943074,0.544000,0.999737,0.999564,0.741036,0.666667,0.969697,0.647887,0.592593,0,0,0,N/A,0.00,N/A,N/A,N/A,N/A,N/A,N/A,N/A
24,6,0.747659,0.682267,0.552908,1.000000,1.000000,0.552632,0.147841,0.950820,0.702523,0.500000,0,0,0,N/A,0.00,N/A,N/A,N/A,N/A,N/A,N/A,N/A
24,7,0.280479,0.888096,0.875064,0.998897,1.000000,0.455764,0.675241,0.964286,0.666667,0.866667,0,0,0,N/A,0.00,N/A,N/A,N/A,N/A,N/A,N/A,N/A
24,8,0.257366,0.895312,0.873362,1.000000,1.000000,0.440000,0.148148,0.958281,0.694064,0.793103,0,0,0,N/A,0.00,N/A,N/A,N/A,N/A,N/A,N/A,N/A
24,9,0.180758,0.933333,0.841629,0.999572,0.999675,0.189474,0.682390,0.000000,0.586387,0.444444,0,0,0,N/A,0.00,N/A,N/A,N/A,N/A,N/A,N/A,N/A
24,10,0.265259,0.897291,0.876862,1.000000,1.000000,0.471053,0.670827,0.942373,0.598214,0.090909,0,0,0,N/A,0.00,N/A,N/A,N/A,N/A,N/A,N/A,N/A
24,MEAN,0.332403,0.866060,0.769489,0.999821,0.999898,0.394434,0.583544,0.861627,0.532263,0.544316,0,,N/A,N/A,306.93,N/A,N/A,N/A,N/A,N/A,N/A,0
25,1,0.267631,0.889724,0.825568,1.000000,1.000000,0.000000,0.804405,0.981030,0.683230,0.545455,0,0,0,N/A,0.00,N/A,N/A,N/A,N/A,N/A,N/A,N/A
25,2,0.341096,0.856256,0.899031,1.000000,1.000000,0.172043,0.687090,0.979751,0.772816,0.437500,0,0,0,N/A,0.00,N/A,N/A,N/A,N/A,N/A,N/A,N/A
25,3,0.079760,0.973874,0.630769,1.000000,0.999738,0.878143,0.835938,0.974101,0.000000,0.384615,0,0,0,N/A,0.00,N/A,N/A,N/A,N/A,N/A,N/A,N/A
25,4,0.426989,0.818182,0.843837,1.000000,1.000000,0.193103,0.799160,0.989831,0.083333,0.787879,0,0,0,N/A,0.00,N/A,N/A,N/A,N/A,N/A,N/A,N/A
25,5,0.121799,0.955045,0.554217,0.999737,0.999564,0.869159,0.734848,0.986889,0.721739,0.571429,0,0,0,N/A,0.00,N/A,N/A,N/A,N/A,N/A,N/A,N/A
25,6,0.658781,0.759553,0.562795,1.000000,1.000000,0.623762,0.232082,0.950820,0.792756,0.500000,0,0,0,N/A,0.00,N/A,N/A,N/A,N/A,N/A,N/A,N/A
25,7,0.224441,0.912129,0.895507,0.998897,1.000000,0.536278,0.768750,0.970414,0.767857,0.866667,0,0,0,N/A,0.00,N/A,N/A,N/A,N/A,N/A,N/A,N/A
25,8,0.201756,0.926562,0.890086,1.000000,1.000000,0.544170,0.311111,0.980619,0.761905,0.793103,0,0,0,N/A,0.00,N/A,N/A,N/A,N/A,N/A,N/A,N/A
25,9,0.144415,0.947093,0.858418,0.999572,0.999675,0.266667,0.764977,0.000000,0.695238,0.444444,0,0,0,N/A,0.00,N/A,N/A,N/A,N/A,N/A,N/A,N/A
25,10,0.212279,0.914742,0.888725,1.000000,1.000000,0.528024,0.765244,0.973684,0.709677,0.090909,0,0,0,N/A,0.00,N/A,N/A,N/A,N/A,N/A,N/A,N/A
25,MEAN,0.267895,0.895316,0.784895,0.999821,0.999898,0.461135,0.670361,0.878714,0.598855,0.542200,0,,N/A,N/A,302.44,N/A,N/A,N/A,N/A,N/A,N/A,0
